S.N,URL,Timestamp,Documents,Frames,JSEventListeners,Nodes,LayoutCount,RecalcStyleCount,LayoutDuration,RecalcStyleDuration,ScriptDuration,TaskDuration,JSHeapUsedSize,JSHeapTotalSize,RenderingTime
1,http://www.ecan.be,288706.64207,5,5,118,15064,21,21,0.048438,0.038099,0.045899,0.268903,7145936,15699968,4628
2,http://www.altreetz-online.de,288706.887442,4,2,35,2627,6,5,0.006877,0.002498,0.000247,0.050632,1842268,3297280,4451
3,https://www.rechtsanwalt-moellers.de,288707.457715,3,1,15,6161,20,23,0.01106,0.006575,0.023505,0.091834,2679640,4608000,3987
4,https://www.rayun.cl,288710.222509,2,4,221,13018,58,202,0.034871,0.068119,0.273468,0.656676,11461800,28225536,9424
5,http://www.csjfilter.com,288710.925199,3,1,32,3792,40,99,0.040368,0.023533,0.032505,0.280798,2440028,3956736,10485
6,https://heilpraktiker-silke-wagner.de,288712.01046,3,1,203,12157,39,45,0.051044,0.027761,0.097708,0.342435,6387580,11296768,3492
7,https://hi-management.com,288712.644359,4,1,107,15156,153,164,0.072971,0.064001,0.107306,0.503178,8000408,11788288,3665
8,http://www.csjlfz.com,288713.715318,4,4,302,9522,33,55,0.057893,0.058434,0.151619,0.592203,7813480,15491072,3985
9,https://mondo.cl,288714.317895,4,1,45,5194,34,82,0.017936,0.034089,0.071535,0.258644,4238520,6840320,5928
10,https://woolfplumbing.com.au,288715.66175,12,8,443,8810,48,138,0.059123,0.068321,0.352711,0.957966,13228848,19947520,4365
11,https://freedomfabmt.com,288717.020579,1,1,237,10501,57,109,0.115065,0.110183,0.19962,1.225503,4325144,9461760,6917
12,https://hospitalismaelroldan.gov.co,288717.371785,34,19,356,22605,67,104,0.088135,0.061046,0.26312,0.95248,14301172,20873216,11409
13,https://safen.sk,288718.269816,6,5,203,33490,41,54,0.131989,0.155293,0.240174,1.045384,8644016,18194432,4630
14,https://www.kampasa.fr,288718.926179,2,3,359,34528,21,25,0.057104,0.029172,0.240504,1.22978,15986244,35696640,3609
15,https://www.tiddleschildcare.co.uk,288719.640022,10,3,110,14643,46,38,0.066063,0.024808,0.058496,0.494234,3423416,8445952,3748
16,https://www.autocaresalcaide.net,288719.79814,14,9,253,24502,38,77,0.065637,0.062449,0.244721,0.756787,4364412,9461760,5569
17,https://hairlounge-lueneburg.de,288720.066385,4,1,102,3133,17,43,0.014125,0.007969,0.026747,0.158987,2226676,3956736,4412
18,https://www.pflegeverbund-opf.de,288720.650601,4,1,412,20369,27,67,0.037335,0.038089,0.091389,0.431346,5120764,9986048,5050
19,https://www.teammania.de,288721.552178,8,3,102,10490,38,57,0.081003,0.012592,0.139702,0.45658,5223456,10510336,1996
20,https://www.yara.co.zm,288721.758572,4,5,405,186020,19,21,0.022137,0.035223,0.162238,0.847113,5341660,14184448,3287
21,http://www.mobilitas-physiotherapie.de,288722.303705,3,1,27,9370,15,12,0.019807,0.013044,0.031216,0.163847,2822584,4882432,3487
22,http://shalomeuropa.de,288723.900262,4,3,233,10459,51,75,0.021413,0.018822,0.071499,0.254949,3402864,8413184,5979
23,https://www.tennisclub-weiler.de,288724.686722,1,1,129,5938,53,131,0.052707,0.063063,0.15965,0.705691,4473752,10248192,5210
24,http://www.csk-guidelineari.com,288724.888729,9,4,300,5492,11,10,0.010376,0.013166,0.150201,0.314709,11687780,19685376,4540
25,https://www.gs-wallertheim.de,288725.983436,10,4,241,6834,27,85,0.040246,0.018929,0.131971,0.371879,6857792,11214848,4868
26,https://www.woond.nl,288726.378337,5,1,52,4977,26,49,0.012231,0.017541,0.077483,0.19978,5746948,9723904,4130
27,http://www.cruiseoptionsonline.com,288726.485892,5,2,33,381,6,4,0.003338,0.000985,0.000618,0.03201,1275872,3035136,2984
28,https://www.tsv-simbach.de,288727.563939,2,2,170,18372,116,194,0.049888,0.066319,0.192468,0.688299,8173692,11980800,15641
29,https://www.via4spine.de,288728.034888,4,1,157,31805,29,38,0.042588,0.043733,0.050831,0.302671,4271912,8839168,4117
30,http://www.gabdesigns.co.uk,288728.216769,3,1,0,2419,7,3,0.007935,0.001083,0.000666,0.071209,1313144,3035136,2616
31,https://www.architektura-bielsko.pl,288728.396939,3,1,2,1191,7,1,0.003659,0.001924,0.006937,0.053003,1772584,3694592,3603
32,http://www.grundschule-zum-obersten-holz.de,288728.851589,3,1,14,5548,20,23,0.012761,0.008108,0.033625,0.117846,2763108,4743168,3900
33,https://www.mmkn.org,288730.303325,1,1,387,19220,335,626,0.085128,0.053777,0.323301,0.769949,15648160,23830528,3619
34,https://www.getriebenotdienst.de,288732.937524,2,2,1173,61064,55,59,0.113593,0.068534,0.054896,0.667654,3956864,9551872,3254
35,https://www.sv-naturstein.de,288733.729974,3,1,24,4989,50,52,0.014889,0.008627,0.021357,0.141809,2756516,4218880,4496
36,https://mindfulnesseveryday.org,288734.836869,3,1,145,17051,34,40,0.056733,0.04067,0.076997,0.465612,6201300,12001280,5230
37,https://wolksoftcr.com,288735.985907,9,15,462,25225,44,84,0.063716,0.102085,0.349881,1.363101,11067820,31219712,6013
38,https://www.la-choue.com,288736.838908,2,4,493,20241,62,127,0.155418,0.109784,0.232213,1.143214,11764464,25956352,4849
39,https://hogarprestige.com,288737.19424,20,9,238,16637,70,74,0.095139,0.051174,0.146434,0.744732,10477116,19361792,8339
40,https://www.dinnede-manufaktur.eu,288737.981576,3,1,20,14774,26,29,0.045086,0.019606,0.028698,0.1908,3686292,5005312,8022
41,https://www.xn--colosseum-rheinbllen-jbc.de,288738.877141,11,5,296,28128,41,42,0.028727,0.017379,0.078335,0.308473,6020488,11558912,4439
42,https://www.bunert.de,288741.453587,15,15,731,42014,73,83,0.076757,0.064659,0.278808,1.015795,8969552,20209664,5269
43,https://escapethis.place,288742.588578,13,9,14,7432,9,9,0.025411,0.013342,0.073088,0.225541,5077488,9199616,4182
44,https://dieschreyers.com,288743.782665,1,1,40,9796,38,37,0.025246,0.039772,0.084312,0.390558,2687644,8675328,5379
45,http://koniksport.pl,288745.052252,4,4,197,13995,51,121,0.059373,0.096494,0.159777,0.936772,7627152,16801792,5681
46,https://www.murphys-tattoo.de,288745.400362,6,2,47,7306,23,34,0.022225,0.013689,0.105918,0.252005,5616872,9539584,6098
47,https://www.nppaa.net,288745.547859,3,1,21,1266,15,21,0.006374,0.008922,0.624132,0.704925,6989956,11128832,7087
48,http://www.lazyriveroutpost.com,288747.002449,8,6,52,6715,38,648,0.01347,0.069517,0.153952,0.596127,4037664,7102464,16283
49,https://www.thevintagehampercompany.uk,288747.431704,7,3,14,626,11,11,0.006843,0.002025,0.080354,0.147433,4723572,7626752,1597
50,https://www.ariesdogland.com,288748.335721,1,4,261,5751,27,23,0.056417,0.025291,0.153803,1.153751,10246036,29646848,3129
51,https://www.leni-parkett.de,288749.553337,4,1,21,3963,12,12,0.037153,0.014546,0.018101,0.160516,2038884,4218880,3204
52,http://www.cheproeng.com,288750.155868,3,1,199,9029,119,223,0.069212,0.06855,0.156894,0.548475,4687568,6316032,26811
53,https://tyremanmc.com.au,288750.903246,6,9,180,26015,46,72,0.123741,0.047919,0.436228,0.973252,13656048,31035392,6850
54,https://www.drbaby2th.com,288751.718156,15,7,227,17467,38,69,0.150281,0.050949,0.181459,0.675222,10164476,13901824,3900
55,https://www.boersenblatt.net,288754.691542,9,5,6927,359400,155,879,0.589748,0.388587,0.606953,3.743699,16118436,32268288,7956
56,http://www.xn--mhrke-gastrotechnik-q6b.de,288754.878516,3,1,0,589,6,4,0.003933,0.001302,0,0.034741,1249104,3297280,3787
57,http://www.gjcargo.com,288755.465637,4,1,71,10942,37,68,0.095101,0.052586,0.061727,0.383158,4127080,8675328,3284
58,https://www.codeunique.de,288755.869393,2,2,87,12418,30,35,0.050619,0.025301,0.028875,0.679511,2321336,4218880,27935
59,https://dkcare247.co.uk,288756.83586,4,1,82,30802,25,54,0.067661,0.076328,0.078612,0.480953,6662812,11763712,7115
60,http://www.bmtinc.us,288757.357913,4,3,17,2147,13,13,0.027449,0.005404,0.029746,0.126123,3478252,6053888,5763
61,https://www.logistaparcel.com,288760.17893,18,9,131,26092,28,41,0.022735,0.029675,0.082341,0.281622,5740364,11034624,4233
62,http://www.nazionale.net,288760.422595,6,5,30,1226,18,20,0.00419,0.002225,0.111155,0.16683,5019148,9461760,8289
63,https://www.cslmgmt.com,288760.569147,8,5,25,483,14,16,0.00382,0.001927,0.086145,0.153847,4971220,7364608,3257
64,http://www.cellcost.pk,288762.142925,3,1,117,9882,22,28,0.085422,0.018857,0.083097,0.307082,6114880,10248192,3877
65,https://www.henderson-engineers.co.uk,288762.695954,4,1,36,6237,16,14,0.023657,0.023578,0.021706,0.179562,3199460,7278592,1290
66,https://www.cslmha.com,288763.457201,4,12,306,13602,54,79,0.02797,0.032541,0.420431,0.852953,14895808,25190400,6691
67,http://www.cskonferencia.sk,288765.099421,77,77,251,22001,44,52,0.166383,0.185344,0.123844,0.99606,4517592,10072064,8525
68,https://www.cskimkaratefortwayne.com,288766.002933,2,3,280,17033,19,22,0.066142,0.025842,0.13141,0.632895,10121564,20705280,2377
69,https://shop.ncreu.org,288769.295953,3,1,632,24140,12,24,0.023276,0.057428,0.235469,0.463362,12704172,21479424,5255
70,https://www.dktcommunication.com,288770.817715,4,1,122,19189,53,62,0.047613,0.036769,0.134629,0.437077,8250148,12283904,9089
71,https://waldwichtel-koeln.de,288771.429727,12,5,93,6435,20,26,0.03329,0.022906,0.028732,0.19506,3302360,5013504,5627
72,https://columbia-pi.com,288772.108733,5,9,324,9233,43,73,0.060199,0.109364,0.203228,0.715547,10411560,25190400,4694
73,https://www.twinbrookpool.org,288772.979046,5,3,45,8096,21,23,0.015221,0.023309,0.058412,0.220872,3916120,6873088,10380
74,https://ssquebec.com,288774.164602,2,1,217,8434,10,10,0.018584,0.02427,0.061675,0.294068,4518016,10248192,1657
75,http://www.klugpharma.com,288774.644027,3,1,65,8396,50,73,0.061113,0.031061,0.034974,0.25801,3286160,5791744,3272
76,https://praxisgemeinschaft-am-ringelberg.de,288775.678362,3,2,175,21342,37,58,0.077688,0.036379,0.196417,0.562315,10246640,17653760,18917
77,https://www.moebel-mueller-juechen.de,288777.320845,6,2,65,2405,23,25,0.018136,0.012868,0.024663,0.266666,3115228,5267456,3899
78,https://www.hospitalcandidoportinari.com.br,288778.204255,4,3,84,3288,83,88,0.049097,0.036752,0.242815,0.500091,7192908,12607488,7951
79,https://www.cskeryado.fr,288779.072733,18,8,102,10960,81,92,0.051703,0.053243,0.073306,0.391456,4557360,9310208,3971
80,https://www.terrier.de,288779.62541,1,1,259,10888,40,52,0.056717,0.061467,0.41665,0.770992,3845076,10248192,6876
81,https://www.startklahr.biz,288780.592891,8,9,666,25525,66,84,0.059496,0.057695,0.111555,0.526439,6367928,11259904,3958
82,https://www.horselssenteret.no,288781.471343,4,1,104,1196,8,8,0.010892,0.005469,0.133488,0.310458,5947876,10248192,3164
83,http://nestaenergies.com,288785.314733,3,1,58,12288,16,15,0.074042,0.020649,0.039487,0.223402,4015332,4743168,5611
84,https://www.ebmag.com,288786.797059,9,13,289,26543,64,86,0.088025,0.04346,0.381496,1.014721,26153452,45719552,11411
85,https://amazonrainforestconservancy.com,288788.30838,6,6,131,10311,45,52,0.0418,0.047049,0.104766,0.408911,4622044,6316032,9587
86,https://www.casagarage.it,288789.576956,3,5,84,10562,35,61,0.029311,0.038453,0.194518,0.544894,11439656,19435520,8593
87,http://www.beginningdreamsdaycare.com,288790.574275,7,5,140,5403,26,32,0.023575,0.012824,0.12025,0.279716,5261916,7102464,7891
88,http://www.studioyogasamgha.it,288791.418511,3,1,46,8506,35,39,0.049139,0.016172,0.030725,0.325389,2758368,4481024,9888
89,https://www.logopediehellingman.nl,288794.809891,6,5,90,11715,39,48,0.037983,0.022058,0.023642,0.20478,3617216,4743168,3968
90,https://penedesindustrial.com,288796.559834,2,6,72,4938,195,269,0.101351,0.12535,0.387241,1.003536,4398000,10248192,4177
91,https://www.reseauvita.fr,288797.205104,27,28,604,18463,73,107,0.120071,0.085819,0.313567,1.164275,19869736,39051264,10214
92,https://www.arhamdisplays.com,288797.638627,4,3,189,22992,54,91,0.069121,0.058201,0.144047,0.553274,8390120,11706368,3591
93,https://virtuosolaw.com,288799.133848,11,12,881,40956,51,136,0.226317,0.301654,0.220068,1.473334,7933420,17850368,2321
94,https://cheekyplum.com,288802.699852,13,13,5311,70822,37,85,0.078554,0.386775,0.883727,2.375186,18823052,37675008,8928
95,https://cosytoesphotography.co.uk,288805.245408,3,4,141,34261,58,225,0.122815,0.114364,0.458413,1.190987,13045768,23216128,11479
96,https://www.drrettner.com,288806.062516,5,2,384,28004,267,530,0.080388,0.071371,0.272077,0.697641,8528648,12345344,4923
97,https://www.forever-decorationsdemariage.fr,288807.73463,3,5,185,18677,86,126,0.243701,0.118187,0.292692,1.286757,10412880,27811840,5028
98,https://www.zimmerei-meister-schmidt.de,288808.69184,3,1,28,2981,18,10,0.010079,0.003094,0.010398,0.11274,2150024,3956736,6014
99,https://www.dwaynelanechryslerjeepdodge.com,288809.370042,4,22,783,57775,178,271,0.173841,0.087546,2.653925,6.012924,50566296,71798784,18368
100,https://nssrc.org,288810.282442,7,2,52,9557,18,20,0.074836,0.018629,0.10447,0.331434,6613772,11280384,4838
101,https://olavarriaga.com,288811.082405,7,4,66,10950,26,25,0.024196,0.041318,0.092763,0.374286,5056424,7626752,11029
102,http://www.doraplus.com.tr,288811.758768,6,5,62,5820,18,24,0.021532,0.017133,0.102361,0.334849,6398304,10772480,6011
103,https://browndogindustries.com,288812.315275,4,1,34,23627,8,6,0.013707,0.004711,0.456209,0.557535,3115148,5791744,5938
104,https://www.shotrockshop.com,288813.359791,4,3,0,2638,10,8,0.021486,0.010784,0.002328,0.090372,1366836,3035136,5157
105,https://handtruxtoys.com,288814.268534,3,1,56,6197,8,10,0.019442,0.013165,0.017083,0.134683,2746012,5394432,1892
106,http://www.cskatalogy.cz,288814.906287,3,1,29,1729,16,17,0.004249,0.00416,0.019882,0.074258,2740804,5529600,2857
107,http://westonbayyc.co.uk,288815.03584,3,1,2,149,6,6,0.00199,0.001217,0.004889,0.04359,1823800,3559424,2363
108,https://www.walden.com,288817.734895,1,1,404,10921,51,85,0.043483,0.134834,0.425252,1.746545,16745696,37425152,5365
109,https://www.citroenspecialistvangompel.nl,288819.001582,2,4,117,7959,74,165,0.131769,0.141833,0.358205,1.226858,7580896,25976832,7570
110,https://www.newlondonchd.com,288999.289579,1,1,6,912,11,8,0.071057,0.016566,0.009776,0.229772,827380,2510848,5562
111,https://trattoriadibernardone.com,289000.22194,6,6,57,2293,30,46,0.054182,0.024992,0.86679,4.101704,3777512,5529600,7881
112,https://www.drkcomtcenterforwellbeing.com,289000.599767,2,3,48,488,38,59,0.045315,0.031,1.205814,1.604372,4838500,6672384,4868
113,https://www.cslcharlotte.org,289001.14886,1,2,444,3973,36,11424,0.077773,1.381748,2.270805,11.59777,11090492,12345344,5949
114,https://www.cslrosny.fr,289001.387286,1,1,78,673,13,11,0.028534,0.021176,0.200144,2.267939,5424772,7045120,2337
115,https://www.enensys.com,289002.199644,16,18,109,7468,80,87,0.057477,0.065927,0.499652,3.515593,9151444,10772480,5615
116,https://citydoors.com.au,289004.423791,2,5,146,19849,32,53,0.066233,0.079932,0.203647,0.651715,9174808,26365952,2730
117,http://www.ctenergyconsumers.com,289004.892039,4,1,86,3451,23,26,0.019196,0.017878,0.048933,0.16978,3725340,5013504,5041
118,https://www.trium.de,289005.112661,4,1,20,4577,9,7,0.015259,0.015837,0.050636,0.260944,3622160,8278016,3409
119,https://www.vmaesthetics.com,289007.662033,18,20,590,14856,46,68,0.064042,0.09595,0.187453,0.830461,6005184,15491072,6030
120,https://gacs.org,289008.135118,4,1,73,9274,40,41,0.046247,0.08344,0.124553,0.487811,5110148,11558912,2668
121,https://www.medicalpark.com.ro,289008.740094,2,6,539,26898,26,34,0.062358,0.033517,0.251371,1.038918,17158036,36122624,6125
122,https://vecchiamalga.com,289009.06926,2,2,219,15471,36,47,0.025874,0.039696,0.30376,0.67846,8490860,19468288,2951
123,https://www.csl-electronics.com,289010.529715,3,1,29,2861,16,12,0.028558,0.006603,0.025094,0.160353,2229340,5656576,1463
124,https://telefaction.com,289011.270247,1,2,96,16540,84,123,0.081281,0.07198,0.206049,0.727346,6226000,16539648,5730
125,https://www.csm-service.it,289015.332528,1,1,197,12926,87,218,1.263455,0.197872,0.253242,2.721179,6785316,18321408,9503
126,https://www.bridgechurchperry.com,289015.912185,4,1,61,8956,31,90,0.075333,0.040497,0.064807,0.436082,4581968,9826304,5399
127,https://www.ogis.com.tr,289016.18588,3,1,22,6365,43,33,0.026132,0.014285,0.025779,0.45987,2993036,4743168,5002
128,https://www.boehm-gerland-hoergeraete.de,289017.919134,2,2,280,37126,56,136,0.92276,0.074121,0.297902,3.62797,11414808,19906560,8297
129,https://thepartyroomforkids.com.au,289018.970234,4,1,76,13144,26,37,0.036872,0.04252,0.16295,0.45832,5710168,10772480,6225
130,https://www.solomonfacialplastic.com,289020.504326,87,86,100,6779,21,22,0.050005,0.044806,0.032317,0.540325,2848656,8802304,4426
131,https://rareservice.com,289024.431529,3,2,336,28508,74,132,0.099821,0.055778,0.12407,0.576103,6382080,17260544,4987
132,https://www.ru-consulting.co.uk,289025.290223,2,4,107,10902,65,75,0.061111,0.0529,0.186443,0.554866,7170248,17063936,6392
133,https://bayareadiscoverymuseum.org,289026.160286,17,18,190,10656,36,33,0.047644,0.036024,0.273295,0.539377,10061804,18829312,4717
134,https://upkeepmaintenance.co.uk,289027.238738,12,5,101,14249,26,46,0.084827,0.066938,0.1336,0.790589,5309032,7778304,9288
135,https://www.brsistemas.com.br,289028.391457,1,1,111,20192,45,114,0.100993,0.078504,0.187488,0.745176,7564268,18317312,9046
136,https://www.coachtrainingedu.com,289029.824215,9,9,588,35470,17,21,0.06571,0.091379,0.023025,0.59085,1443652,7102464,2732
137,https://www.andronicos.com,289031.518424,22,37,3528,91186,48,115,0.039248,0.136306,1.627162,2.6503,36346500,54001664,11482
138,https://www.cteen.fr,289032.720402,3,3,83,5419,19,16,0.032932,0.010716,0.078111,0.568229,12402392,23592960,2001
139,https://avislaw.com,289033.611606,4,7,179,15330,78,317,0.047122,0.096312,0.369583,0.865825,13164108,28213248,7323
140,https://www.cskratos.com,289034.418105,4,1,72,10495,21,22,0.050196,0.028476,0.046029,0.343247,2853832,4481024,5137
141,https://wittzek.de,289035.335193,21,21,68,1545,35,52,0.054953,0.059481,0.14874,0.534021,3961840,9990144,6273
142,http://cskplastic.com,289036.374541,4,1,27,12083,21,23,0.030899,0.021868,0.059688,0.237951,3408536,8675328,2397
143,https://www.hotelbrunamartinsicuro.it,289039.048394,6,4,202,18137,137,156,0.076972,0.055477,0.121468,0.458104,5718808,8151040,12022
144,https://www.anysteel-trading.com,289040.173064,5,3,61,8743,29,38,0.08061,0.025388,0.044766,0.295536,3906596,6053888,3613
145,https://orion-ats.com,289041.943612,4,4,267,17517,32,54,0.325851,0.082866,0.098294,0.953865,3277384,9199616,7774
146,https://www.moebelix.cz,289043.293732,138,44,1233,42366,40,48,0.137887,0.122151,0.979801,2.361558,57202128,71065600,9186
147,https://www.cskscerea.com,289043.61331,6,8,98,9476,157,225,0.075577,0.114929,0.396394,0.923811,12434324,30081024,7450
148,http://www.nebenan-in-afrika.de,289044.436418,6,2,14,3005,13,12,0.006481,0.005393,0.011464,0.080446,2281288,3694592,4478
149,https://www.cteensouthbay.com,289046.139705,1,1,286,14798,21,16,0.026298,0.014179,0.149745,0.639653,15005896,24436736,4167
150,https://tomax-fitness.de,289048.727874,7,1,85,12408,55,60,0.066423,0.083589,0.06227,0.395684,4351656,9224192,4294
151,https://hesperum.fr,289050.10163,7,12,92,29505,42,54,0.051556,0.063536,0.220829,0.64865,11215544,28450816,7245
152,https://www.seesocalproperties.com,289051.647748,1,1,798,23541,46,161,0.206512,0.108329,0.116095,0.958335,4155812,14704640,6734
153,https://csklawyers.ca,289052.749356,4,3,254,28260,73,118,0.069199,0.065674,0.401292,0.933806,18316908,26574848,7575
154,https://www.materadministratie.nl,289053.108536,4,1,20,7933,15,15,0.036969,0.015268,0.021333,0.138367,2392768,3956736,3986
155,https://off-basehousing.com,289055.826737,4,2,36,35140,22,21,0.029827,0.021517,0.026844,0.182192,3601696,5046272,4961
156,https://www.hailiapartments.com,289056.559064,12,5,219,11955,53,60,0.039444,0.017432,0.181419,0.444071,11839880,20525056,4202
157,https://www.buchanansubaru.com,289060.875343,7,14,733,25863,98,146,0.084731,0.10903,3.421894,4.456116,38335288,56651776,13151
158,https://www.xn--orthopdieamviktualienmarkt-lhc.de,289063.926302,11,4,65,6334,23,35,0.014396,0.026544,0.06105,0.227278,4135684,6840320,7554
159,https://www.hcjfs.org,289069.790455,2,9,97,10475,28,39,0.057899,0.034052,0.421043,0.796639,12285556,15310848,15842
160,https://brainlight-russia.com,289071.810133,1,2,222,15731,78,160,0.101084,0.185113,0.208107,0.85948,4975012,10510336,5771
161,http://www.csktfire.org,289072.885927,4,3,267,18814,29,41,0.02982,0.019475,0.056578,0.240809,5157100,7364608,16037
162,https://www.willmakersofashton.co.uk,289073.0294,3,1,0,21,5,1,0.000319,0.000106,0,0.016268,1172084,2510848,3002
163,https://www.csksverona.it,289078.038023,4,4,81,5139,37,39,0.054801,0.043607,0.116113,0.434585,3520692,9986048,13182
164,https://www.valyoo.nl,289078.19591,8,12,209,10887,311,309,0.062607,0.047714,0.701989,0.969801,9059348,18632704,5363
165,https://www.mastercadena.es,289080.656369,63,40,5743,125790,94,402,0.201672,0.087512,0.538869,1.581042,36743868,51130368,6723
166,https://swspitcrew.com,289081.498099,4,1,9,3709,9,6,0.030281,0.01317,0.013592,0.126845,1933552,4870144,1866
167,https://www.newquayaccountants.co.uk,289082.088445,3,1,86,5582,51,114,0.024816,0.030708,0.188624,0.38105,10217316,14090240,7216
168,https://fvrepro.com,289082.252704,12,3,34,4593,7,7,0.034084,0.026865,0.050594,0.197482,4486340,8937472,3896
169,https://www.cieltd.us,289086.564605,2,2,107,6916,23,40,0.016704,0.009078,0.167311,0.290185,9262920,18206720,3666
170,https://www.legagestion.com,289086.838868,3,1,20,5455,18,19,0.008338,0.006491,0.023795,0.088308,2893916,4608000,4417
171,https://www.nadermhs.com,289088.294981,2,3,424,59987,35,42,0.038156,0.072662,0.426743,0.996821,26097140,44036096,4987
172,https://hrsummercamp.es,289093.278498,7,1,146,22596,117,191,0.102471,0.071418,0.092197,0.456801,3823092,8937472,5381
173,https://bigisuffolk.org,289093.799187,4,1,30,11441,24,27,0.084379,0.033521,0.037088,0.298653,2987940,5791744,4195
174,https://www.wasserburg-markvippach.com,289094.390487,9,4,104,5329,43,50,0.055106,0.016549,0.025795,0.222259,3707012,5005312,6650
175,http://dtmchurch.com,289102.313783,6,2,69,3613,20,21,0.014808,0.013979,0.075391,0.187446,4626612,6840320,8596
176,https://knockonwoodfurniture.com,289103.811778,3,6,139,33387,28,51,0.039731,0.047639,0.186829,0.540079,12901160,21303296,6647
177,https://www.csl-london.com,289104.801017,5,5,129,1996,19,25,0.012845,0.006371,0.146926,0.302264,8162332,13004800,4042
178,http://soderasenstandklinik.se,289109.530014,2,2,69,12042,59,89,0.037478,0.069674,0.10967,0.560112,3659340,6578176,13517
179,https://www.csl-cremeria.it,289111.154349,2,3,118,21584,116,240,0.11817,0.104088,0.210742,0.796975,6480864,12378112,7624
180,https://electromech.ms,289111.569352,4,4,150,10609,24,57,0.037122,0.036129,0.162147,0.48044,9454336,18124800,7271
181,https://craignair.com,289112.379472,5,10,323,11477,36,41,0.03494,0.0268,0.507201,0.825696,18883600,25161728,6276
182,http://www.cslcpreschool.com,289115.220393,3,1,0,1283,5,4,0.003426,0.002947,0,0.056299,1272028,3297280,5349
183,https://www.beauty-4ever.ca,289115.514097,1,1,247,7116,15,18,0.018746,0.011186,0.094969,0.391957,11752556,21602304,2485
184,https://www.studiohdesign.co.nz,289117.125883,1,1,213,7289,221,264,0.051592,0.039465,0.380591,0.783895,14061180,33406976,5108
185,https://www.papazian-law.com,289119.768622,3,1,75,15526,18,13,0.018983,0.011426,0.041572,0.143938,3340924,4743168,7697
186,https://therapeuticendeavors.com,289121.120012,3,4,95,12218,30,40,0.055281,0.060677,0.269062,0.675634,10905516,22269952,3810
187,https://www.silman.com,289122.399286,14,14,231,37937,83,97,0.123298,0.04475,0.18401,0.670111,10885736,19447808,3891
188,https://www.centredentairesr.ca,289123.185965,3,5,321,20805,25,28,0.034415,0.03723,0.173436,0.783856,18468652,37564416,5483
189,https://washingtoncenterforcognitivetherapy.com,289125.529447,5,5,76,18417,62,104,0.089138,0.066087,0.206471,0.584139,6328736,10600448,5158
190,https://www.ms3.com.br,undefined,undefined,undefined,undefined,undefined,undefined,undefined,undefined,undefined,undefined,undefined,undefined,undefined,undefined
191,https://www.supersoftshower.co.uk,undefined,undefined,undefined,undefined,undefined,undefined,undefined,undefined,undefined,undefined,undefined,undefined,undefined,undefined
192,https://an-der-elbe-wohnen.de,289307.409936,1,1,411,13963,46,108,0.048549,0.092259,0.266577,2.051741,4653988,6316032,3400
193,https://www.plamnina.com,289308.761073,2,2,695,1679,30,176,0.073297,0.068971,1.527616,3.799508,20580504,42541056,2355
194,https://www.removalservicesglasgow.co.uk,289309.213815,1,4,10,206,8,12,0.006266,0.001294,0.020138,0.087776,1305912,3170304,28285
195,https://www.hairbeautyink.com.au,289310.383663,4,5,1679,150044,189,4443,0.226136,0.788763,10.128029,22.814406,13701968,16523264,20439
196,https://www.neuville-en-ferrain.fr,289311.58742,11,11,27,76039,14,16,0.067986,0.068974,0.012877,1.510754,1174112,2908160,3367
197,https://www.cskyd.com,289312.593061,2,2,4,3260,31,14,0.210034,0.063555,0.003985,0.550753,1219576,3035136,9718
198,https://bluesupplycompany.com,289313.195156,3,10,127,6065,30,49,0.013933,0.015498,0.163643,0.339483,9111152,19759104,2640
199,http://www.jeffsaxophone.com,289313.63505,3,1,2,3837,5,3,0.005929,0.00117,0.04095,0.096604,1871816,3694592,2288
200,http://frankyarchitect.com,289316.809585,2,2,60,5448,27,75,0.020098,0.059458,0.117983,0.705339,4585708,9986048,5107
201,http://www.gabrielshill.com,289317.072593,3,1,0,162,6,1,0.005039,0.000829,0,0.032656,1218700,3297280,2416
202,https://www.westmountins.com,289318.289729,24,8,47,6627,18,23,0.051048,0.038444,0.050498,0.225557,4734976,7626752,4171
203,https://www.apexway.com.tw,289319.024786,4,6,921,16733,119,191,0.164556,0.073601,0.410868,1.146517,15154916,24141824,5383
204,https://cherielouve.com,289319.882156,9,14,417,45721,122,211,0.287582,0.163428,0.892887,2.36677,22646524,42196992,7773
205,https://www.cslbeaumont.org,289321.182762,2,4,341,985,32,40,0.031901,0.025419,0.339298,1.201661,13758184,33054720,6555
206,https://www.heimkino.de,289322.439415,10,10,124,74819,39,48,0.059474,0.041954,0.244614,0.820503,11162124,21581824,4022
207,http://www.sirmiospurghi.com,289322.628816,3,1,0,26,5,1,0.001238,0.000167,0,0.02589,1172128,2510848,4071
208,https://michianafamilycenter.org,289324.348249,8,6,135,18442,13,14,0.043104,0.073587,0.203442,0.6511,6445628,18898944,5267
209,https://www.cslbehring.gr,289326.183745,6,5,411,8660,15,14,0.019166,0.029576,0.124886,0.336769,5423560,16801792,6488
210,https://www.capitaltalentbox.co.uk,289326.938078,6,4,19,7182,14,14,0.021089,0.014394,0.007919,0.118658,1475760,3559424,3504
211,http://www.checkfunnel.com,289328.084982,4,1,145,17585,39,49,0.081547,0.047287,0.080572,0.408964,5341708,10264576,4611
212,https://www.csl.co.cr,289328.224327,3,1,0,42,5,1,0.001456,0.000161,0,0.019911,1174532,2510848,3158
213,https://www.revotool.com,289328.928964,1,1,131,74687,54,184,0.103936,0.113497,0.264303,1.004265,5582696,16801792,7533
214,https://www.premiumhydrosolutions.com,289329.406386,1,1,127,4986,44,122,0.068415,0.087935,0.237061,0.609032,5936880,15753216,2827
215,https://csleeattorney.com,289329.824821,5,2,335,10655,22,31,0.040374,0.024952,0.317292,0.631142,15143408,22568960,3154
216,http://www.garciasclassiccarrestoration.com,289330.620109,3,1,2,436,6,6,0.001902,0.001075,0.002141,0.041176,1581464,3297280,2117
217,https://www.randmbespoke.com,289333.192202,8,8,478,11889,38,31,0.018417,0.025889,0.28586,0.80687,28564100,41275392,1851
218,https://cslegnami.ch,289334.389786,4,4,198,26449,70,282,0.114294,0.091942,0.264245,1.236821,10408500,19509248,6199
219,https://www.gut-mankartzhof.de,289336.949677,4,3,87,16894,30,23,0.085913,0.021975,0.052559,0.673679,3634392,5013504,5845
220,http://www.fkw-metallbau.de,289337.617228,4,1,98,5160,23,170,0.023382,0.067,0.087766,0.328219,3380580,6053888,8602
221,https://heyasgroup.com,289338.435367,1,1,48,12410,25,29,0.068785,0.042726,0.123623,0.473083,4472680,10772480,7587
222,https://www.cslauto.fr,289339.692673,3,5,316,1972,26,30,0.043517,0.050614,0.248206,0.900993,13646248,31744000,3551
223,https://www.cskuhncpa.com,289341.194463,3,1,33,5104,6,5,0.006879,0.004156,0.011682,0.069198,2015596,4083712,3912
224,https://www.funkin-stylez.com,289342.732475,1,4,654,1085,43,55,0.027714,0.04222,0.425694,1.178386,16734588,35938304,6918
225,https://www.cslaruche.fr,289344.929322,4,1,61,12177,33,58,0.084733,0.053206,0.038002,0.461825,3198024,4587520,5457
226,https://www.americanvisualanalytics.com,289345.816866,2,4,319,9705,28,32,0.017142,0.010507,0.183139,0.632107,17249500,36225024,4225
227,http://smsec.com,289345.99995,6,8,762,21626,15,24,0.02248,0.02765,0.418179,0.773102,18664736,34828288,5073
228,https://www.laoistoday.ie,289346.832488,2,7,497,43755,54,79,0.122071,0.068356,0.297423,0.909923,17358856,31080448,4541
229,https://www.cslbd.net,289347.432144,1,1,170,40924,121,214,0.054195,0.121276,0.304146,0.866528,9250504,18112512,3947
230,https://www.logic-etudes.fr,289350.080082,5,2,31,7658,24,39,0.018846,0.009865,0.050673,0.170958,6189988,9723904,3625
231,https://www.easternshoreeyecare.com,289351.276084,3,4,73,46438,20,25,0.031307,0.025231,0.218987,0.477262,10349076,20418560,12554
232,https://www.ctegpr.com,289352.853512,4,1,82,18130,18,15,0.032565,0.030017,0.034228,0.265581,4265972,7421952,6247
233,https://www.ctef.com.my,289353.233396,6,5,925,72257,32,43,0.03015,0.029677,0.182649,0.515912,5611492,11079680,4359
234,http://cslafrica.org,289354.043487,2,1,258,17981,34,65,0.070002,0.071001,0.113621,0.508607,6851556,16211968,7320
235,https://tsr-elsite.fi,289355.120644,23,25,197,11004,28,70,0.047874,0.073412,0.328366,0.830679,11381796,28815360,6528
236,https://www.cslapasserelle.fr,289356.024116,12,5,379,14974,19,21,0.063773,0.041497,0.044245,0.330197,3321600,5054464,3947
237,https://www.itaasph.com,289357.164456,7,7,0,1298,16,17,0.029538,0.023746,0.003054,0.567514,840856,3035136,3575
238,https://mbcnj.org,289358.670886,4,1,36,5708,32,32,0.035381,0.014854,0.055906,0.22101,4033352,8802304,4982
239,https://sweetsfromthesoul.com,289360.466972,5,6,462,68992,26,37,0.038222,0.116889,0.354776,0.904438,14526264,24096768,2184
240,https://ctega.com,289363.423498,8,8,194,13309,62,64,0.105535,0.092867,0.073782,0.598247,3279144,5791744,10274
241,https://dotupdates.us,289366.026347,7,4,48,9205,22,24,0.053525,0.022797,0.047712,0.322917,3910172,5656576,6026
242,https://www.manateemarineunlimited.com,289367.034814,1,5,257,6487,25,35,0.041682,0.044706,1.39847,1.739565,11742856,17850368,11906
243,https://www.cslaundry.com.my,289367.570761,3,1,100,11329,47,119,0.035469,0.02577,0.052091,0.292361,3617132,5529600,2416
244,https://www.makedisruptionwork.com,289368.071952,4,7,151,13081,23,28,0.03975,0.029725,0.294245,0.685248,17598416,33026048,9903
245,https://cslawyers.es,289369.619511,6,8,1100,94834,62,108,0.230151,0.158661,0.343138,1.410825,10392060,28524544,5478
246,https://schneiderlegal.com.au,289370.040968,3,1,346,6366,12,10,0.032354,0.01099,0.0582,0.244176,6821268,11300864,3426
247,https://maninthemirror.org,289370.459233,3,6,486,26464,45,102,0.049805,0.09676,0.336496,0.868997,10888308,21790720,10855
248,https://www.commworld-kc.com,289370.660495,7,2,39,4014,12,14,0.01202,0.007703,0.062808,0.166664,4492712,9199616,3864
249,http://www.cslfs.org,289372.951779,2,2,486,6283,42,45,0.031083,0.042645,0.098253,0.50107,3294780,9461760,4673
250,https://southend.com.au,289373.363961,15,9,245,29201,74,82,0.05032,0.092345,0.259156,0.808623,11364804,21520384,3248
251,http://www.fersilconstrucoes.pt,289374.022833,4,5,95,4942,99,209,0.039077,0.040832,0.154205,0.404609,6908964,10772480,3425
252,https://2fgcoaching.nl,289377.629887,2,2,339,22568,28,33,0.112555,0.104147,0.133684,0.656527,4414820,14966784,3251
253,https://www.frenchpolishermanchester.co.uk,289378.354167,3,1,343,18764,28,36,0.067554,0.04425,0.04945,0.395516,6074928,10010624,2691
254,https://www.caritashospitalsfoundation.org,289379.039354,3,6,109,5961,21,23,0.015268,0.033316,0.251499,0.470881,7991076,14704640,11657
255,https://miller-elektrotechnik.de,289379.66925,6,2,95,6540,46,82,0.027507,0.040796,0.093503,0.300091,4691372,6578176,11205
256,https://itcxp.com,289380.902495,2,5,264,39146,115,191,0.101615,0.110616,0.312101,1.224866,9646952,18587648,23526
257,https://www.gentily.nl,289381.920493,12,12,124,20545,186,237,0.17502,0.294605,0.284739,1.833508,7165656,11087872,9139
258,https://www.ivaschickendinners.com,289383.673102,6,9,22,5397,13,13,0.014226,0.005048,0.043189,0.168597,2175448,4218880,5285
259,https://ambientchiropracticandwellness.com,289384.902014,11,7,77,7636,14,10,0.038501,0.048148,0.163885,0.417711,9744988,13524992,5243
260,https://cslhire.com,289385.335696,1,1,208,48463,128,301,0.166627,0.1589,0.266517,1.123969,7486444,12337152,4682
261,https://www.thesame.com.au,289386.552724,5,2,189,9326,93,149,0.02232,0.031396,0.27948,0.529962,14554652,21696512,3785
262,http://www.theoldpostofficelanchester.com,289386.942301,3,1,98,6440,29,64,0.014426,0.015936,0.096218,0.236056,5918884,9723904,4795
263,https://thecooksedge.com,289388.93257,7,11,2179,202411,253,350,0.20386,0.292781,1.534697,3.220354,33165196,48439296,8109
264,https://www.csldaycamps.com,289390.465919,2,4,288,8966,23,21,0.026284,0.012902,0.138106,0.544542,12670956,23605248,3191
265,https://destinhotyoga.com,289391.237581,1,2,254,4963,38,62,0.077768,0.051984,0.153439,0.501031,4872192,9199616,11696
266,https://www.fusiontransport.com,289393.174828,2,3,472,1727,30,39,0.087393,0.042315,0.22381,1.19756,11774024,31481856,2985
267,https://dolcespa.ca,289393.849249,8,4,71,7316,25,26,0.072001,0.047467,0.090181,0.379709,4519952,5423104,9689
268,https://www.baumwollortho.com,289396.58907,7,13,895,25907,114,261,0.04686,0.07352,0.69151,1.20516,28935572,43925504,10683
269,https://fashionablehats.com,289398.968579,14,18,916,45815,71,166,0.209274,0.52481,1.230257,3.918598,28095428,43278336,10051
270,https://www.cslitdist.com,289399.535475,1,1,137,8610,25,30,0.016546,0.047547,0.284364,0.569663,12570920,22614016,3473
271,https://cslinth.ch,289400.195849,4,1,110,12562,46,70,0.094088,0.061126,0.113027,0.735155,6836476,11034624,5651
272,https://www.cslittles.com,289401.264176,8,3,50,5332,25,59,0.027291,0.036823,0.114395,0.364721,5092724,9461760,4029
273,https://www.fischer.it,289403.132677,4,4,584,36071,22,29,0.052924,0.074861,0.320374,1.02885,23372232,35479552,7497
274,https://www.moka-professional.com,289404.607471,4,4,224,39929,58,107,0.141725,0.12443,0.46851,1.269014,13255484,21114880,7813
275,https://www.boivin-et-therrien.com,289406.46085,1,3,389,1507,39,50,0.07396,0.05842,0.391731,1.561549,13856456,33841152,5109
276,https://www.csleathergoods.com,289407.483869,5,7,460,21543,132,115,0.239892,0.33941,0.41853,2.055725,9026252,21520384,5332
277,https://erswest.com,289408.259624,2,4,92,10036,36,73,0.051147,0.122146,0.296036,0.947052,6092184,11960320,6317
278,https://www.csleisure.com,289408.887366,6,4,64,5981,14,12,0.050117,0.013377,0.053862,0.280408,3606072,6316032,6099
279,https://www.bereadrug.com,289409.703679,5,7,98,12632,51,63,0.241962,0.052867,0.348342,1.043332,7792032,17199104,5581
280,https://www.raftingenandalucia.com,289410.650144,2,2,220,14102,55,114,0.094673,0.067287,0.11574,0.68276,4937656,14966784,4971
281,https://www.miele-bkk.de,289412.049239,6,6,150,71311,34,46,0.042373,0.083387,0.098424,0.604715,7125596,13357056,3058
282,https://piensossegre.com,289412.915506,7,7,30,2516,20,25,0.014945,0.017132,0.034686,0.490457,1511920,3297280,4707
283,https://www.reifenservice-ruppel.de,289414.844375,12,5,380,18779,21,23,0.05432,0.028717,0.070961,0.313973,6983720,10686464,4139
284,https://construction-solutionsllc.com,289415.537944,5,2,16,5497,10,8,0.012428,0.021962,0.017547,0.154317,1522232,3821568,4107
285,http://www.cslm.at,289416.732054,3,1,0,25,5,1,0.004518,0.00012,0,0.021842,1172112,2510848,3664
286,https://www.newheightsinsurance.com,289417.421462,6,2,50,1463,9,10,0.007135,0.010119,0.115179,0.220791,7386588,11034624,4957
287,https://www.frutossecoseyma.es,289419.96016,11,11,173,14485,39,56,0.066501,0.091331,0.127902,0.676157,3933660,9461760,4070
288,https://www.cko-oberhausen.de,289421.227456,6,7,693,34726,36,45,0.047604,0.057145,0.083763,0.517467,7145024,11755520,2452
289,http://www.liberty-nc.com,289421.863156,5,3,248,27873,21,52,0.062034,0.026588,0.581513,0.879002,6910916,10772480,4422
290,https://ksportusa.com,289426.033941,12,14,85,15306,16,20,0.02874,0.03845,0.161636,0.530182,3943520,14180352,3274
291,https://www.maroquineriepirlot.shop,289426.731592,2,4,433,64330,39,527,0.074951,0.108882,0.60621,1.401983,20695484,41320448,3873
292,https://www.umanarq.com.ar,289429.723864,3,1,188,19737,42,54,0.053089,0.044646,0.099072,0.480779,4029508,5791744,19775
293,https://www.phoenix-software.net,289430.093549,1,1,234,29038,20,21,0.02347,0.013635,0.101015,0.449445,15201180,24309760,2127
294,https://penndellock.com,289431.105445,4,1,83,13504,38,36,0.060867,0.040154,0.108592,0.336856,5238164,10248192,3765
295,https://www.carpetdepotaz.com,289432.736377,5,9,131,26490,114,161,0.104475,0.084176,0.242448,0.809703,11114780,19914752,8593
296,http://cslittleleague.com,289433.050165,3,1,28,6957,7,6,0.007163,0.01181,0.00699,0.111207,1421336,3559424,2908
297,https://www.metreco.com,289435.392793,8,3,115,23535,34,29,0.043152,0.023448,0.078761,0.304524,7076108,10772480,4226
298,https://trendyworkwearuy.com,289437.279526,3,3,161,19986,79,99,0.063524,0.062473,0.360576,0.815129,10400096,19410944,4188
299,http://www.cslinkage.com,289438.589934,13,8,52,15135,28,16,0.045441,0.016301,0.126926,0.482539,8482604,12267520,4617
300,https://www.oakshed.net,289439.156633,6,2,75,29779,85,102,0.04389,0.025046,0.101296,0.409811,4940896,9461760,5476
301,https://rohi.com.br,289440.433443,10,12,162,10227,32,65,0.054735,0.043936,0.135156,0.483088,6321456,16801792,7383
302,https://www.bagnara-stonecare.net,289442.45073,6,2,51,9091,23,35,0.016336,0.015437,0.075924,0.199159,5891576,9613312,2594
303,https://www.gen2sa.co.za,289443.840874,11,15,344,19213,22,26,0.02346,0.028365,0.142055,0.652836,22832796,39780352,4750
304,https://thefenceguy.ca,289448.259829,11,5,44,4718,19,23,0.021741,0.009745,0.033322,0.134177,3992764,5791744,3849
305,https://dustinandcorynn.com,289449.863904,5,3,56,2986,30,55,0.012405,0.009681,0.039169,0.173015,2931756,4743168,3933
306,https://www.clotureetportailconcept.fr,289450.827871,16,7,65,29607,20,22,0.016018,0.022298,0.091287,0.235096,4833964,7626752,9633
307,https://www.dogstays.lu,289451.301107,5,6,281,1726,19,21,0.026837,0.031204,0.114355,0.617765,11346096,29908992,2509
308,https://www.surfcoasthearing.com.au,289451.733665,3,1,43,1390,7,10,0.003879,0.005115,0.135108,0.198469,7005660,11821056,8982
309,https://www.enfu.cl,289456.10632,2,3,1510,45086,61,170,0.066265,0.049526,0.208804,0.713269,7917364,18112512,4138
310,https://web.csl-media.com,289456.25641,1,1,421,2622,39,49,0.028908,0.07072,0.173422,0.684098,8054440,10772480,17656
311,http://www.twinlakessportsclub.com,289458.150138,4,4,38,5392,17,44,0.013083,0.010318,0.078769,0.187544,7332912,11223040,5881
312,https://www.hoopesdental.com,289459.322596,1,1,201,16759,39,75,0.073472,0.189485,0.275985,0.98716,10399156,28860416,6220
313,https://www.bidwizer.com,289460.293823,17,20,55,2457,22,20,0.073677,0.021066,0.213338,0.652311,5658828,16015360,3001
314,http://www.morgancaplaneequestrian.com,289463.766338,3,1,65,2114,31,68,0.007344,0.010413,0.041782,0.201055,2940204,4481024,3972
315,http://www.bio-match.com,289465.082675,3,1,59,4247,23,13,0.02618,0.008896,0.077963,0.263876,6489368,11034624,6081
316,https://www.grovecityymca.org,289465.512144,1,4,105,993,32,55,0.024563,0.024873,0.188559,0.411026,7376152,18636800,5479
317,https://www.campingdubournat.fr,289469.325088,20,23,85,25007,29,34,0.071827,0.040076,0.28477,0.744698,11320096,29450240,7324
318,https://www.arendalsbryggeri.no,289469.616539,8,5,217,27841,62,68,0.025698,0.01956,0.051734,0.250777,3048428,5193728,5446
319,http://www.shinningweb.com,289469.77533,3,1,0,21,5,1,0.000432,0.000113,0,0.016813,1172076,2510848,3102
320,https://trevedi.de,289471.136765,12,11,202,28773,40,55,0.048932,0.094033,0.222031,0.697791,16844076,26574848,5124
321,http://www.pnvictorychurch.org.nz,289473.280012,3,1,24,4190,15,16,0.020435,0.010628,0.048099,0.172989,4206236,6316032,2001
322,https://www.cslilasnatation.fr,289474.787928,15,10,150,12892,24,25,0.023832,0.029891,0.054564,0.211388,4449644,8937472,4770
323,https://www.rokosan.com,289477.829544,4,7,61,1276,101,139,0.215071,0.033922,0.144532,0.776086,5366596,16277504,6816
324,https://majesticlivingwaters.com,289478.639019,6,1,81,3156,18,21,0.032698,0.038672,0.092958,0.312947,5919164,10510336,4452
325,http://www.hotelcostasanjuan.com,289479.547453,4,4,120,17532,34,104,0.063568,0.175206,0.090279,0.702201,5344808,14704640,6316
326,http://www.aquavana.com,289479.671297,3,1,0,69,5,1,0.003325,0.00016,0,0.026823,1278336,3297280,2959
327,https://www.kristenhookphotography.com,289480.315782,4,4,332,13020,131,165,0.049914,0.033781,0.411536,0.752243,16567080,23961600,4698
328,https://csllvlighthouse.org,289481.855809,1,1,114,14838,55,78,0.026385,0.036365,0.238167,0.445355,12059080,21999616,2575
329,https://burtslaw.com,undefined,undefined,undefined,undefined,undefined,undefined,undefined,undefined,undefined,undefined,undefined,undefined,undefined,undefined
330,https://www.agendax.net,undefined,undefined,undefined,undefined,undefined,undefined,undefined,undefined,undefined,undefined,undefined,undefined,undefined,undefined
331,http://www.hakvelkoobchod.cz,289487.436472,2,3,121,4255,76,256,0.057094,0.063247,0.231569,1.995411,6070500,16539648,5348
332,http://www.csltorino.com,289487.794026,4,1,576,18157,77,75,0.02151,0.01508,0.050841,0.219736,3693356,8675328,3650
333,http://www.cslm.cl,289488.7808,5,3,71,11534,30,39,0.056788,0.021987,0.06327,0.417036,4114640,6840320,10409
334,https://lilmeentertainments.co.uk,289490.23971,8,5,336,23092,81,86,0.064997,0.064228,0.134595,0.629076,7816084,12079104,9164
335,http://www.csltennisclub.com,289492.602344,2,2,214,3511,24,28,0.042134,0.057954,0.117478,0.55611,5692364,11821056,3034
336,http://www.forle.com.ng,289492.752156,3,1,0,57,5,1,0.001952,0.000144,0,0.017769,1180908,2510848,4967
337,https://www.studiocrachi.com,289493.845249,3,1,69,8629,32,37,0.037756,0.019033,0.216286,0.400736,4395060,8675328,5632
338,https://perf91.com,289494.890024,2,2,202,21041,31,51,0.125525,0.117075,0.127508,0.71143,6622064,18055168,4529
339,https://marisamuzio.it,289495.430152,5,6,238,11695,53,83,0.025691,0.064307,0.272679,0.853181,9592760,17588224,5987
340,http://www.gseweb.nl,289495.588072,3,1,0,26,5,1,0.001314,0.000127,0,0.024651,1172120,2510848,3667
341,https://walkersandsitters.co.uk,289497.907235,3,1,233,9047,13,14,0.022585,0.013895,0.052919,0.215306,6246408,10936320,1677
342,http://hedgingfx.fr,289499.253793,5,5,18,2641,14,10,0.014684,0.008124,0.017772,0.115098,1882880,3821568,4900
343,https://www.gutscheincode.org,289499.80635,3,1,27,6488,12,8,0.02595,0.012834,0.010626,0.127829,1829348,3821568,3415
344,https://cslvictoria.org,289500.506781,6,7,28,4458,13,18,0.012486,0.004552,0.016931,0.082712,2084652,4608000,4483
345,https://www.csloatlpc.com,289502.347135,4,6,306,13721,29,30,0.024097,0.013672,0.150815,0.676735,12820416,14819328,7165
346,https://www.grosvenorgrass.co.uk,289503.070553,2,5,371,15295,43,91,0.09364,0.031583,0.156613,0.577249,7767488,16474112,9520
347,https://mdrsf.com,289506.719374,5,3,326,37400,110,175,0.030929,0.05373,0.174304,0.488224,9459132,17207296,5634
348,https://www.diamond-index.com,289508.253293,1,5,267,21397,37,42,0.027874,0.025153,0.157356,0.85021,16791660,35913728,6122
349,https://www.peleclinicadermatologia.com.br,289511.4183,2,3,154,7255,40,42,0.086716,0.02642,0.225569,0.53242,8965740,15212544,11277
350,https://cslreporting.com,289511.772101,4,1,81,4463,22,22,0.018295,0.020248,0.054039,0.187511,3340928,6492160,4627
351,https://www.iss.edu.sg,289514.378481,7,9,290,22541,80,107,0.035502,0.046422,0.254069,0.636022,9535536,14442496,9976
352,https://marodiimoveis.com.br,289514.510578,3,1,10,611,8,9,0.004958,0.001632,0.021376,0.148868,7353840,10637312,2592
353,https://www.cslredlands.org,289515.014443,8,6,67,6417,38,104,0.052913,0.046236,0.060705,0.317208,3720576,6578176,11243
354,https://www.ribbonwriter.com,289515.566384,5,8,428,56832,183,222,0.099286,0.143756,0.451231,1.31596,9301832,21258240,6048
355,https://www.dynamicdevelopmentstrategies.com,289516.203768,2,2,349,13037,28,35,0.034986,0.019524,0.200085,0.71705,20466812,38604800,4032
356,http://silma-srl.it,289516.548947,4,1,88,7138,16,25,0.00745,0.020027,0.052741,0.171995,5820692,7032832,20350
357,https://www.propertytrackinc.com,289519.042356,5,3,180,34229,22,28,0.042619,0.037463,0.117934,0.383283,6931028,12607488,6353
358,http://www.gitarrenschule-rangsdorf.de,289520.736695,3,1,11,428,7,3,0.002706,0.001056,0.012499,0.062326,1804632,3956736,4168
359,http://www.holyrosarymemphis.org,289522.887364,6,2,367,30939,20,55,0.049033,0.018595,0.085233,0.569873,7653424,11694080,6670
360,https://bowineschool.com,289525.213123,5,16,205,46994,57,84,0.128739,0.110451,0.174471,0.875268,6907464,17588224,6930
361,https://marseille-osteopathe.fr,289525.748343,6,1,74,11191,31,85,0.0696,0.068829,0.119926,0.445249,4067244,7102464,6281
362,https://deutrechtsetandartspraktijk.nl,289527.567336,30,31,371,14350,36,136,0.07407,0.052908,0.187094,1.00129,4826220,10510336,7444
363,https://www.caputmundiwines.com,289528.787206,6,8,376,9810,37,45,0.042548,0.024344,0.228671,1.032459,14975792,32608256,4138
364,https://coastroadmotors.com.au,289529.932195,4,8,811,47832,74,79,0.100908,0.123907,0.23986,1.119951,10998296,19554304,10421
365,https://www.lifesearch.com,289531.41793,17,14,266,8317,173,213,0.084787,0.053547,0.361483,0.995247,14508068,34365440,4995
366,https://www.studio3.salon,289532.00638,2,9,94,10317,32,42,0.034139,0.050659,0.365894,0.754349,14797700,24461312,10658
367,https://www.wilsonseniorbenefits.com,289532.716482,2,2,233,6123,23,22,0.031174,0.012993,0.129479,0.749055,11857864,22945792,3988
368,https://www.apunte.es,289533.403622,4,4,226,70238,46,138,0.139413,0.263923,0.267354,1.180963,12141044,19857408,8970
369,http://www.nhp.ro,289535.801163,8,4,53,16363,28,26,0.046411,0.119365,0.118292,0.577644,7469508,10924032,6825
370,https://www.payspecs.com,289536.28371,9,6,359,11429,79,121,0.043035,0.05509,0.447827,0.847772,20681360,38596608,3663
371,http://berkshiregreensepticservice.com,289536.442254,3,1,0,378,5,1,0.008017,0.000962,0,0.032941,1281136,3035136,3670
372,https://www.csm.com.co,289539.005094,9,9,94,42027,69,311,0.081832,0.17819,0.295141,1.612231,7704632,18190336,8568
373,https://www.embedded-lab.co.in,289539.365401,1,1,254,6248,9,13,0.012996,0.015647,0.232186,0.712476,14377780,33689600,4303
374,https://www.mla-chartres.fr,289540.675632,8,8,74,12956,23,48,0.064027,0.041188,0.533171,2.249114,11112724,27811840,6746
375,https://aussermayr.com,289541.612175,7,3,13,11306,11,7,0.062035,0.023985,0.003311,0.292257,2984968,4071424,3290
376,https://tristategastro.net,289543.909275,11,15,645,28134,180,303,0.4774,0.354211,0.92121,2.931354,15243684,34889728,10080
377,https://3sustainability.com,289545.697409,4,5,171,21191,35,63,0.128045,0.151484,0.288027,1.421734,7252632,26501120,5577
378,https://www.enumerista.com,289546.362527,1,1,90,8553,24,23,0.043089,0.037775,0.243595,0.744242,6390988,12824576,2716
379,http://www.pitagrillkosher.com,289547.230972,6,7,167,6856,81,116,0.042619,0.026501,0.144411,0.482329,5072324,9199616,7955
380,https://relationshipcenterky.com,289547.66329,5,2,75,2231,9,5,0.026803,0.013015,0.076606,0.229301,2572916,4870144,3869
381,https://www.kiteboarding-club.com,289549.654281,1,1,31,5594,46,37,0.079825,0.048925,0.061963,0.633399,1861736,4481024,6235
382,https://www.wtmetall.se,289550.464421,13,13,864,37719,38,75,0.101781,0.155105,0.93194,1.887931,26573664,48353280,8291
383,https://www.mediawide.com,289551.300535,10,11,104,1250,11,10,0.08134,0.033352,0.177227,0.566182,6826328,12869632,3615
384,http://www.csmicl.com.tw,289552.008474,4,1,138,31659,24,24,0.056669,0.058974,0.089061,0.492926,4513920,6316032,13096
385,https://topoverlag.com,289552.876216,5,2,533,16304,26,67,0.028927,0.026816,0.153169,0.452782,6006292,10772480,3107
386,https://californiachoiceenergyauthority.com,289553.899766,1,1,123,6821,41,214,0.042966,0.114722,0.244321,0.806388,6504448,12251136,5387
387,https://fitnessventuresllc.com,289554.809472,3,5,169,9284,49,151,0.039896,0.068517,0.420217,1.786506,15243440,29646848,4899
388,http://www.buzzwinebeershop.com,289556.159093,17,9,17,4313,20,20,0.027592,0.022534,0.060884,0.329525,3133720,5005312,7044
389,https://longmontcoloradochiropractor.com,289556.818297,2,2,142,14330,25,32,0.080327,0.066013,0.22346,0.634252,7708744,16752640,2720
390,http://www.tinkering-unlimited.com,289557.005201,7,3,0,414,6,2,0.005299,0.001915,0,0.044702,1221944,3035136,2808
391,https://www.guymezger.com,289557.323134,1,1,153,7771,375,616,0.078748,0.0766,0.583042,0.98943,13547200,24055808,5432
392,https://www.balboawatergroup.com,289557.761077,10,6,395,9051,32,44,0.020352,0.014061,0.151886,0.504168,5317084,10248192,6406
393,https://www.cityofsouthfield.com,289560.796706,4,3,123,13441,78,115,0.028045,0.032769,0.162183,0.641884,5342500,15753216,2251
394,https://www.csmachineworks.com,289561.445457,1,1,251,3139,15,11,0.017843,0.009036,0.10021,0.447836,7870528,18636800,2947
395,http://csmaadviser.com,289562.340034,6,2,31,15858,7,8,0.021641,0.018619,0.043599,0.176522,2181832,4345856,4966
396,https://www.zahnaerzte-poellnitz.de,289562.826095,4,1,27,7125,16,18,0.016162,0.011698,0.040589,0.186957,2822768,5005312,7497
397,http://www.mexicoenrenta.com.mx,289564.865036,5,2,271,10037,53,58,0.020654,0.011718,0.051837,0.327835,5071644,8937472,7658
398,https://www.sentry-selfstorage.com,289565.368795,3,1,29,2244,16,10,0.013295,0.008561,0.101489,0.210622,4664524,9461760,3435
399,https://nationalrecruitingnetwork.com,289567.026335,4,1,55,9778,17,17,0.036041,0.03104,0.025957,0.239258,3052176,4935680,7344
400,https://www.purerejuvenation.co.uk,289568.04787,2,3,332,1473,28,27,0.061441,0.03574,0.198276,0.928527,12177828,30957568,4597
401,https://www.cgra.be,289568.362896,3,1,31,1270,17,17,0.006365,0.009512,0.044108,0.133924,3770812,5255168,4894
402,https://delcosportsmuseum.org,289568.677222,6,2,39,3416,5,6,0.004641,0.00253,0.028681,0.095997,2274572,4218880,3499
403,https://lyonsandlyons.ca,289570.032159,3,6,75,8584,29,36,0.087705,0.059089,0.246284,0.674763,10181716,27549696,6307
404,https://www.marie-architecte.fr,289571.642804,5,2,1,617,7,6,0.006142,0.003266,0.003049,0.054353,1292852,3035136,3990
405,https://www.borlas.ru,289573.985156,3,4,245,7575,71,126,0.0678,0.059868,0.523807,1.223638,9215928,27811840,6971
406,http://www.csmascensori.com,289575.200835,4,3,53,7100,33,53,0.08532,0.030379,0.100071,0.350099,4057492,7102464,5548
407,https://www.truckworksolathe.com,289576.742762,5,2,1686,17196,18,23,0.157469,0.049258,0.308055,0.908298,14560948,23883776,5250
408,https://www.gozerog.com,289579.450992,18,19,151,12389,63,650,0.128149,0.183105,0.420078,3.526247,6230872,10248192,20947
409,https://www.avail.co,289760.165225,23,33,630,1013,97,400,0.094165,0.072877,2.531529,5.820771,33535828,37982208,7649
410,https://sophielashes.ro,289761.074733,17,18,1129,28792,239,4350,0.140797,0.548977,2.038226,12.195302,17192040,21782528,9276
411,https://vieranetworks.com,289761.272977,1,1,6,4407,18,19,0.046717,0.032702,0.040437,0.280505,1471268,2772992,5347
412,https://smileychiropractic.com,289762.067338,2,5,989,8754,36,216,0.096041,0.108124,0.241893,0.942992,5049844,7364608,7459
413,https://www.mbe-menden.de,289762.599451,6,7,152,5073,87,123,0.063558,0.034091,0.073081,1.458041,3883464,5529600,6837
414,https://mattopizza.co.uk,289763.958388,1,1,66,7976,101,1053,0.024978,0.123353,0.869373,2.392334,6203024,10248192,3774
415,http://www.servisol.mx,289764.066989,1,1,0,70,5,1,0.001893,0.000257,0,0.023162,734616,2510848,3991
416,https://www.nisswasmiles.com,289766.673139,3,1,6,1832,11,7,0.010958,0.007235,0.027285,0.112298,2976912,4415488,4566
417,http://www.csmax.com.my,289767.005861,3,1,9,1806,16,16,0.004813,0.00331,0.009101,0.064312,2136740,3821568,2525
418,https://philshandyservicellc.com,289768.962828,7,5,767,70207,83,125,0.077171,0.084868,0.556883,1.274567,27963552,44810240,5318
419,https://hmtsa.es,289769.703173,2,5,91,9630,56,123,0.035202,0.053251,0.265285,0.628399,10899164,28241920,6664
420,https://www.csm.edu.mt,289770.067298,6,2,275,28272,54,73,0.083392,0.05342,0.107493,0.46909,7475952,12132352,5566
421,http://csm-training.co.uk,289771.237234,3,1,105,15027,33,78,0.025801,0.019304,0.051059,0.218338,3423196,6053888,10182
422,https://www.bettersmilesvt.com,289772.426454,5,2,445,32546,63,98,0.050597,0.056769,0.138447,0.409649,7718020,11546624,4174
423,https://www.digitalassur.be,289773.62338,6,2,45,4234,11,10,0.033187,0.014724,0.081061,0.191817,4299004,9723904,6445
424,https://www.eastbaycraniosacral.com,289775.380555,2,2,219,3852,20,21,0.014994,0.011132,0.074659,0.763933,7841272,18374656,3036
425,https://www.minutemanaviation.net,289775.986732,3,3,267,8394,19,18,0.01622,0.01516,0.116829,0.505014,12857312,23289856,2888
426,https://www.pension-fent.com,289777.420969,6,1,99,32476,154,164,0.090604,0.068339,0.085049,0.745441,3556820,8937472,4161
427,https://medeor.cc,289779.989831,1,1,99,12300,36,53,0.063324,0.136683,0.247686,1.065442,5629448,15491072,5907
428,https://www.csm79.com,289781.533247,2,3,285,2544,25,24,0.027498,0.040501,0.154216,1.008046,10194376,29122560,3699
429,https://www.mtarina.com,289781.988967,2,3,327,18609,16,19,0.088161,0.023697,0.212843,0.846466,17264060,35217408,4388
430,https://www.myagentpogos.com,289782.504726,2,6,332,35854,37,38,0.064138,0.033696,0.528797,1.16725,13348992,30695424,10925
431,https://cuajoscaporal.com,289784.968877,6,2,90,20585,48,110,0.073029,0.085699,0.100021,0.489202,5702528,8310784,7676
432,http://www.wiciko.com,289785.977212,4,3,84,18102,28,38,0.038163,0.02627,0.067812,0.438929,6052916,11034624,3552
433,http://www.trailsideterrace.com,289786.156893,4,3,4,455,10,13,0.003943,0.002378,0.010937,0.085901,2657788,3956736,2628
434,https://stclairesq.com,289787.457366,17,11,74,11194,12,13,0.039823,0.013961,0.006652,0.164837,3183528,4923392,6719
435,https://www.csm1973.it,289789.230117,2,3,477,16839,104,149,0.066107,0.151527,0.209342,0.747927,7922956,14880768,10635
436,https://www.partyservice-goetzel.de,289790.315462,3,1,50,3552,21,58,0.028257,0.015869,0.043329,0.196034,3303156,4743168,4607
437,http://www.monstoregarages.com,289790.517496,3,1,20,2526,39,54,0.039133,0.024349,0.045418,0.217684,2962004,6053888,4230
438,https://biomagnet24.de,289792.097599,8,9,843,57240,112,154,0.122205,0.158129,1.439329,2.344246,24276180,42786816,8595
439,https://www.csmadeiraatlanticresort.com,289795.010904,4,5,17,8076,12,13,0.035464,0.004776,0.029406,0.146607,2957568,4608000,5965
440,https://www.smpn129jakarta.sch.id,289796.215644,6,5,36,14433,28,31,0.047947,0.022437,0.055935,0.393835,5459360,9723904,4441
441,https://www.engram.io,289797.665029,14,16,243,27963,122,126,0.139965,0.099701,0.413169,1.125404,14184592,31432704,4640
442,http://www.rapinnaclegroup.com,289798.634625,4,1,50,6721,28,22,0.042451,0.02009,0.132566,0.333489,5280204,10510336,6865
443,http://www.corgivillefarm.com,289798.73826,3,1,1,401,5,4,0.000506,0.000467,0.042472,0.072046,4201576,9555968,2509
444,https://www.panci.it,289799.704531,6,8,155,18476,35,41,0.042283,0.042699,0.252,0.604415,13053612,30109696,9306
445,https://www.talonhomeinspectionsky.com,289800.334122,5,4,648,28191,60,70,0.087553,0.041625,0.403795,1.046878,15054236,34930688,7504
446,http://www.csmconsultinginc.com,289801.356672,3,1,70,651,5,1,0.004379,0.000612,0,0.035496,1314968,3297280,2385
447,http://www.dti1.net,289801.540672,3,1,0,1140,5,4,0.003274,0.000551,0,0.035235,1233676,3035136,3470
448,https://www.csmcmusic.org,289803.376108,1,2,286,8917,30,35,0.021713,0.016062,0.136815,0.549024,13869168,24289280,3661
449,https://www.amerikamfg.com,289804.919298,1,3,290,7655,22,26,0.016196,0.011669,0.120552,0.587765,16048808,35696640,4004
450,https://lifeview.media,289808.188109,16,16,154,7993,82,128,0.098846,0.057993,0.118029,0.826681,5124140,10772480,1649
451,https://elkol.pl,289808.512429,31,34,466,16542,194,206,0.084646,0.134363,0.381013,1.319112,18268608,34742272,9121
452,https://www.bakermetalworks.com,289810.833762,1,1,215,14291,105,156,1.152981,0.142788,0.256869,2.345452,6643096,9723904,8379
453,https://www.mainstreampineproducts.com,289811.433367,1,1,272,718,21,25,0.024933,0.01317,0.148438,0.683031,8019780,18636800,6666
454,https://peterboroughmultisport.com,289812.019413,4,1,75,6505,22,23,0.052081,0.031106,0.072905,0.463672,3429848,6426624,2018
455,https://www.clairesmarchand.com,289815.063817,1,2,715,17189,77,105,0.113461,0.146472,0.916852,2.021788,21637620,40308736,9258
456,https://stegzmoto.com.au,289815.80158,4,6,279,19544,38,62,0.088589,0.033597,0.635172,1.10321,12964260,22056960,6751
457,https://freestate.coop,289820.555481,10,10,162,36733,31,31,0.052869,0.121324,0.125872,0.57332,6843888,12685312,3306
458,http://koebler-weinstadt.de,289821.320436,3,6,86,34343,28,52,0.034773,0.058956,0.168881,0.561269,6332652,17063936,8523
459,https://poddss.com.au,289823.188899,1,2,305,15177,115,161,0.132338,0.216817,0.183763,0.938643,6447896,17063936,4349
460,https://csmanutencaodesacadas.com.br,289824.671634,2,6,107,5438,88,326,0.087616,0.167212,0.367176,1.12126,8723008,18374656,21506
461,https://www.yoatraining.com,289827.186275,4,9,457,12847,35,42,0.0631,0.030791,0.475748,2.008471,16305680,24322048,12570
462,http://www.csmeducativo.com,289827.364134,3,1,0,198,6,2,0.003569,0.001457,0,0.028898,1221936,3035136,3780
463,http://www.csme.com.br,289828.543855,3,1,168,21591,38,26,0.046372,0.022893,0.09944,0.511622,4656128,6840320,15925
464,https://cepedasparts.com,289828.889859,5,2,359,6097,21,18,0.023245,0.013612,0.101303,0.371883,7450072,12353536,4284
465,https://www.csmelect.co.uk,289830.861732,3,1,57,7327,32,65,0.085162,0.029102,0.08854,0.341297,5857036,9986048,5604
466,https://www.newportnewspaving.com,289831.937282,7,18,35,6662,37,59,0.036065,0.030393,0.10632,0.347142,5131552,8069120,10108
467,https://www.zahnarzt-rheinhausen.de,289832.276314,4,3,16,592,12,13,0.004659,0.004213,0.389303,0.44967,2662680,4218880,4425
468,https://thepiercingco.co.uk,289833.020891,4,1,52,6475,12,12,0.019821,0.027454,0.071456,0.307804,3539256,6053888,8529
469,http://www.tierarzt-hilpoltstein.de,289834.042581,3,2,204,8254,38,51,0.068584,0.035706,0.199153,0.598999,6963096,11919360,4848
470,https://sbcapprenticeship.com,289835.42585,8,18,283,23837,94,143,0.108134,0.222244,0.325967,1.331996,16397360,30687232,12533
471,https://www.lucinox.fr,289836.42306,4,1,85,8636,28,31,0.074473,0.03047,0.114265,0.509286,7162572,11964416,5493
472,https://www.goldenmind.at,289838.065542,16,16,140,6701,25,40,0.076723,0.028175,0.459269,0.866583,8568332,16801792,2085
473,https://www.csmbcstl.org,289838.760876,1,2,279,878,30,32,0.024685,0.01574,0.182751,1.012976,9930912,28598272,5483
474,https://csmbrannon.net,289841.442329,5,3,96,22828,29,50,0.108663,0.135749,0.118018,0.777649,3043848,4804608,5357
475,https://www.csmbelize.com,289843.298497,4,6,382,5365,34,35,0.065249,0.175399,0.539332,2.522134,14723348,32006144,5322
476,https://www.moviescola.com.br,289844.135758,2,2,305,883,27,28,0.020921,0.020692,0.169152,0.820367,9556208,19685376,3443
477,https://www.mudancasriachuelo.com.br,289844.54947,1,2,172,3628,28,36,0.048758,0.069508,0.186797,0.620828,6405208,17063936,6928
478,http://www.csmce.com,289844.885447,14,1,52,4566,24,19,0.054468,0.030614,0.046543,0.254544,2795228,4481024,8978
479,https://catalinahouse.net,289845.341266,3,1,53,8748,32,38,0.038351,0.02957,0.152841,0.430579,5073180,7102464,6039
480,https://www.123trapliften.nl,289846.373177,14,18,359,23303,76,104,0.071356,0.057327,0.57051,1.311715,18083268,32972800,12518
481,https://www.csmediastore.it,289847.276353,1,3,129,1496,32,44,0.060283,0.062126,0.26325,0.666553,6600188,12869632,16384
482,https://www.reuterplasticsurgery.com,289849.344724,3,1,76,8676,71,138,0.053794,0.045138,0.093942,0.357026,5290876,9723904,4476
483,http://www.csmcalarasi.ro,289849.992088,3,1,73,30090,32,40,0.096148,0.040998,0.043958,0.367034,3095404,4608000,7760
484,https://webfeed.com,289850.226533,5,5,719,3722,28,80,0.038423,0.032721,0.54857,0.878376,17680692,37908480,5370
485,http://www.alger-vineyards.com,289852.728623,16,10,441,27517,197,329,0.077454,0.072303,0.499145,1.145949,18355180,36900864,4646
486,https://armureriedebordeaux.com,289853.188536,1,1,350,14800,26,15,0.092455,0.043353,0.04478,0.421338,1696216,4218880,6645
487,http://www.lografinanciamientos.com,289854.828687,3,1,65,5053,22,31,0.010336,0.009759,0.085218,0.188002,6287668,10248192,4543
488,http://www.dipstudio.com,289856.280742,3,1,6,973,5,6,0.003449,0.000922,0.052742,0.081476,3161784,5529600,2883
489,http://thewilliamsstudio.com,289858.591378,10,9,215,60693,51,56,0.077416,0.096925,0.12284,0.723305,5569948,9732096,12848
490,https://eticcaimoveis.com.br,289859.366886,4,5,183,12312,69,134,0.071247,0.059041,0.126316,0.511954,5093548,10510336,9181
491,https://www.burki.com.pk,289860.185414,3,3,59,9759,52,82,0.0271,0.041151,0.122878,0.510305,4893500,10772480,6694
492,http://www.tecnopleno.com.br,289885.453535,3,1,30,2680,90,108,0.015383,0.007247,0.030027,0.133564,2717720,3956736,34905
