Timestamp,Total Size (MB),Used Size (MB),Free Size (MB),Used Percentage (%)
2024-10-05 06:32:57,700.0,0.0,700.0,0.0
2024-10-05 06:32:58,700.0,0.0,700.0,0.0
2024-10-05 06:32:58,700.0,0.0,700.0,0.0
2024-10-05 06:32:59,700.0,0.0,700.0,0.0
2024-10-05 06:32:59,700.0,0.0,700.0,0.0
2024-10-05 06:33:00,700.0,0.0,700.0,0.0
2024-10-05 06:33:00,700.0,0.0,700.0,0.0
2024-10-05 06:33:01,700.0,0.0,700.0,0.0
2024-10-05 06:33:01,700.0,0.0,700.0,0.0
2024-10-05 06:33:02,700.0,0.0,700.0,0.0
2024-10-05 06:33:02,700.0,0.0,700.0,0.0
2024-10-05 06:33:03,700.0,0.0,700.0,0.0
2024-10-05 06:33:03,700.0,0.0,700.0,0.0
2024-10-05 06:33:04,700.0,0.0,700.0,0.0
2024-10-05 06:33:04,700.0,0.0,700.0,0.0
2024-10-05 06:33:05,700.0,0.0,700.0,0.0
2024-10-05 06:33:05,700.0,0.0,700.0,0.0
2024-10-05 06:33:06,700.0,0.0,700.0,0.0
2024-10-05 06:33:06,700.0,0.0,700.0,0.0
2024-10-05 06:33:07,700.0,0.0,700.0,0.0
2024-10-05 06:33:07,700.0,0.0,700.0,0.0
2024-10-05 06:33:08,700.0,0.0,700.0,0.0
2024-10-05 06:33:08,700.0,0.0,700.0,0.0
2024-10-05 06:33:09,700.0,0.0,700.0,0.0
2024-10-05 06:33:09,700.0,0.0,700.0,0.0
2024-10-05 06:33:10,700.0,0.0,700.0,0.0
2024-10-05 06:33:10,700.0,0.0,700.0,0.0
2024-10-05 06:33:11,700.0,0.0,700.0,0.0
2024-10-05 06:33:11,700.0,0.0,700.0,0.0
2024-10-05 06:33:12,700.0,0.0,700.0,0.0
2024-10-05 06:33:12,700.0,0.0,700.0,0.0
2024-10-05 06:33:13,700.0,0.0,700.0,0.0
2024-10-05 06:33:13,700.0,0.0,700.0,0.0
2024-10-05 06:33:14,700.0,0.0,700.0,0.0
2024-10-05 06:33:14,700.0,0.0,700.0,0.0
2024-10-05 06:33:15,700.0,0.0,700.0,0.0
2024-10-05 06:33:15,700.0,0.0,700.0,0.0
2024-10-05 06:33:16,700.0,0.0,700.0,0.0
2024-10-05 06:33:16,700.0,0.0,700.0,0.0
2024-10-05 06:33:17,700.0,0.0,700.0,0.0
2024-10-05 06:33:17,700.0,0.0,700.0,0.0
2024-10-05 06:33:18,700.0,0.0,700.0,0.0
2024-10-05 06:33:18,700.0,0.0,700.0,0.0
2024-10-05 06:33:19,700.0,0.0,700.0,0.0
2024-10-05 06:33:19,700.0,0.0,700.0,0.0
2024-10-05 06:33:20,700.0,0.0,700.0,0.0
2024-10-05 06:33:20,700.0,0.0,700.0,0.0
2024-10-05 06:33:21,700.0,0.0,700.0,0.0
2024-10-05 06:33:21,700.0,0.0,700.0,0.0
2024-10-05 06:33:22,700.0,0.0,700.0,0.0
2024-10-05 06:33:22,700.0,0.0,700.0,0.0
2024-10-05 06:33:23,700.0,0.0,700.0,0.0
2024-10-05 06:33:23,700.0,0.0,700.0,0.0
2024-10-05 06:33:24,700.0,0.0,700.0,0.0
2024-10-05 06:33:24,700.0,0.0,700.0,0.0
2024-10-05 06:33:25,700.0,0.0,700.0,0.0
2024-10-05 06:33:25,700.0,0.0,700.0,0.0
2024-10-05 06:33:26,700.0,0.0,700.0,0.0
2024-10-05 06:33:26,700.0,0.0,700.0,0.0
2024-10-05 06:33:27,700.0,0.0,700.0,0.0
2024-10-05 06:33:27,700.0,0.0,700.0,0.0
2024-10-05 06:33:28,700.0,0.0,700.0,0.0
2024-10-05 06:33:28,700.0,0.0,700.0,0.0
2024-10-05 06:33:29,700.0,0.0,700.0,0.0
2024-10-05 06:33:29,700.0,0.0,700.0,0.0
2024-10-05 06:33:30,700.0,0.0,700.0,0.0
2024-10-05 06:33:30,700.0,0.0,700.0,0.0
2024-10-05 06:33:31,700.0,0.0,700.0,0.0
2024-10-05 06:33:31,700.0,0.0,700.0,0.0
2024-10-05 06:33:32,700.0,0.0,700.0,0.0
2024-10-05 06:33:32,700.0,0.0,700.0,0.0
2024-10-05 06:33:33,700.0,0.0,700.0,0.0
2024-10-05 06:33:33,700.0,0.0,700.0,0.0
2024-10-05 06:33:34,700.0,0.0,700.0,0.0
2024-10-05 06:33:34,700.0,0.0,700.0,0.0
2024-10-05 06:33:35,700.0,0.0,700.0,0.0
2024-10-05 06:33:35,700.0,0.0,700.0,0.0
2024-10-05 06:33:36,700.0,0.0,700.0,0.0
2024-10-05 06:33:36,700.0,0.0,700.0,0.0
2024-10-05 06:33:37,700.0,0.0,700.0,0.0
2024-10-05 06:33:37,700.0,0.0,700.0,0.0
2024-10-05 06:33:38,700.0,0.0,700.0,0.0
2024-10-05 06:33:38,700.0,0.0,700.0,0.0
2024-10-05 06:33:39,700.0,0.0,700.0,0.0
2024-10-05 06:33:39,700.0,0.0,700.0,0.0
2024-10-05 06:33:40,700.0,0.0,700.0,0.0
2024-10-05 06:33:40,700.0,0.0,700.0,0.0
2024-10-05 06:33:41,700.0,0.0,700.0,0.0
2024-10-05 06:33:41,700.0,0.0,700.0,0.0
2024-10-05 06:33:42,700.0,0.0,700.0,0.0
2024-10-05 06:33:42,700.0,0.0,700.0,0.0
2024-10-05 06:33:43,700.0,0.0,700.0,0.0
2024-10-05 06:33:43,700.0,0.0,700.0,0.0
2024-10-05 06:33:44,700.0,0.0,700.0,0.0
2024-10-05 06:33:44,700.0,0.0,700.0,0.0
2024-10-05 06:33:45,700.0,0.0,700.0,0.0
2024-10-05 06:33:45,700.0,0.0,700.0,0.0
2024-10-05 06:33:46,700.0,0.0,700.0,0.0
2024-10-05 06:33:46,700.0,0.0,700.0,0.0
2024-10-05 06:33:47,700.0,0.0,700.0,0.0
2024-10-05 06:33:47,700.0,0.0,700.0,0.0
2024-10-05 06:33:48,700.0,0.0,700.0,0.0
2024-10-05 06:33:48,700.0,0.0,700.0,0.0
2024-10-05 06:33:49,700.0,0.0,700.0,0.0
2024-10-05 06:33:49,700.0,0.0,700.0,0.0
2024-10-05 06:33:50,700.0,0.0,700.0,0.0
2024-10-05 06:33:50,700.0,0.0,700.0,0.0
2024-10-05 06:33:51,700.0,0.0,700.0,0.0
2024-10-05 06:33:51,700.0,0.0,700.0,0.0
2024-10-05 06:33:52,700.0,0.0,700.0,0.0
2024-10-05 06:33:52,700.0,0.0,700.0,0.0
2024-10-05 06:33:53,700.0,0.0,700.0,0.0
2024-10-05 06:33:53,700.0,0.0,700.0,0.0
2024-10-05 06:33:54,700.0,0.0,700.0,0.0
2024-10-05 06:33:54,700.0,0.0,700.0,0.0
2024-10-05 06:33:55,700.0,0.0,700.0,0.0
2024-10-05 06:33:55,700.0,0.0,700.0,0.0
2024-10-05 06:33:56,700.0,0.0,700.0,0.0
2024-10-05 06:33:56,700.0,0.0,700.0,0.0
2024-10-05 06:33:57,700.0,0.0,700.0,0.0
2024-10-05 06:33:57,700.0,0.0,700.0,0.0
2024-10-05 06:33:58,700.0,0.0,700.0,0.0
2024-10-05 06:33:58,700.0,0.0,700.0,0.0
2024-10-05 06:33:59,700.0,0.0,700.0,0.0
2024-10-05 06:33:59,700.0,0.0,700.0,0.0
2024-10-05 06:34:00,700.0,0.0,700.0,0.0
2024-10-05 06:34:00,700.0,0.0,700.0,0.0
2024-10-05 06:34:01,700.0,0.0,700.0,0.0
2024-10-05 06:34:01,700.0,0.0,700.0,0.0
2024-10-05 06:34:02,700.0,0.0,700.0,0.0
2024-10-05 06:34:02,700.0,0.0,700.0,0.0
2024-10-05 06:34:03,700.0,0.0,700.0,0.0
2024-10-05 06:34:03,700.0,0.0,700.0,0.0
2024-10-05 06:34:04,700.0,0.0,700.0,0.0
2024-10-05 06:34:04,700.0,0.0,700.0,0.0
2024-10-05 06:34:05,700.0,0.0,700.0,0.0
2024-10-05 06:34:05,700.0,0.0,700.0,0.0
2024-10-05 06:34:06,700.0,0.0,700.0,0.0
2024-10-05 06:34:06,700.0,0.0,700.0,0.0
2024-10-05 06:34:07,700.0,0.0,700.0,0.0
2024-10-05 06:34:07,700.0,0.0,700.0,0.0
2024-10-05 06:34:08,700.0,0.0,700.0,0.0
2024-10-05 06:34:08,700.0,0.0,700.0,0.0
2024-10-05 06:34:09,700.0,0.0,700.0,0.0
2024-10-05 06:34:09,700.0,0.0,700.0,0.0
2024-10-05 06:34:10,700.0,0.0,700.0,0.0
2024-10-05 06:34:10,700.0,0.0,700.0,0.0
2024-10-05 06:34:11,700.0,0.0,700.0,0.0
2024-10-05 06:34:11,700.0,0.0,700.0,0.0
2024-10-05 06:34:12,700.0,0.0,700.0,0.0
2024-10-05 06:34:12,700.0,0.0,700.0,0.0
2024-10-05 06:34:13,700.0,0.0,700.0,0.0
2024-10-05 06:34:13,700.0,0.0,700.0,0.0
2024-10-05 06:34:14,700.0,0.0,700.0,0.0
2024-10-05 06:34:14,700.0,0.0,700.0,0.0
2024-10-05 06:34:15,700.0,0.0,700.0,0.0
2024-10-05 06:34:15,700.0,0.0,700.0,0.0
2024-10-05 06:34:16,700.0,0.0,700.0,0.0
2024-10-05 06:34:16,700.0,0.0,700.0,0.0
2024-10-05 06:34:17,700.0,0.0,700.0,0.0
2024-10-05 06:34:17,700.0,0.0,700.0,0.0
2024-10-05 06:34:18,700.0,0.0,700.0,0.0
2024-10-05 06:34:18,700.0,0.0,700.0,0.0
2024-10-05 06:34:19,700.0,0.0,700.0,0.0
2024-10-05 06:34:19,700.0,0.0,700.0,0.0
2024-10-05 06:34:20,700.0,0.0,700.0,0.0
2024-10-05 06:34:20,700.0,0.0,700.0,0.0
2024-10-05 06:34:21,700.0,0.0,700.0,0.0
2024-10-05 06:34:21,700.0,0.0,700.0,0.0
2024-10-05 06:34:22,700.0,0.0,700.0,0.0
2024-10-05 06:34:22,700.0,0.0,700.0,0.0
2024-10-05 06:34:23,700.0,0.0,700.0,0.0
2024-10-05 06:34:23,700.0,0.0,700.0,0.0
2024-10-05 06:34:24,700.0,0.0,700.0,0.0
2024-10-05 06:34:24,700.0,0.0,700.0,0.0
2024-10-05 06:34:25,700.0,0.0,700.0,0.0
2024-10-05 06:34:25,700.0,0.0,700.0,0.0
2024-10-05 06:34:26,700.0,0.0,700.0,0.0
2024-10-05 06:34:26,700.0,0.0,700.0,0.0
2024-10-05 06:34:27,700.0,0.0,700.0,0.0
2024-10-05 06:34:27,700.0,0.0,700.0,0.0
2024-10-05 06:34:28,700.0,0.0,700.0,0.0
2024-10-05 06:34:28,700.0,0.0,700.0,0.0
2024-10-05 06:34:29,700.0,0.0,700.0,0.0
2024-10-05 06:34:29,700.0,0.0,700.0,0.0
2024-10-05 06:34:30,700.0,0.0,700.0,0.0
2024-10-05 06:34:30,700.0,0.0,700.0,0.0
2024-10-05 06:34:31,700.0,0.0,700.0,0.0
2024-10-05 06:34:31,700.0,0.0,700.0,0.0
2024-10-05 06:34:32,700.0,0.0,700.0,0.0
2024-10-05 06:34:32,700.0,0.0,700.0,0.0
2024-10-05 06:34:33,700.0,0.0,700.0,0.0
2024-10-05 06:34:33,700.0,0.0,700.0,0.0
2024-10-05 06:34:34,700.0,0.0,700.0,0.0
2024-10-05 06:34:34,700.0,0.0,700.0,0.0
2024-10-05 06:34:35,700.0,0.0,700.0,0.0
2024-10-05 06:34:35,700.0,0.0,700.0,0.0
2024-10-05 06:34:36,700.0,0.0,700.0,0.0
2024-10-05 06:34:36,700.0,0.0,700.0,0.0
2024-10-05 06:34:37,700.0,0.0,700.0,0.0
2024-10-05 06:34:37,700.0,0.0,700.0,0.0
2024-10-05 06:34:38,700.0,0.0,700.0,0.0
2024-10-05 06:34:38,700.0,0.0,700.0,0.0
2024-10-05 06:34:39,700.0,0.0,700.0,0.0
2024-10-05 06:34:39,700.0,0.0,700.0,0.0
2024-10-05 06:34:40,700.0,0.0,700.0,0.0
2024-10-05 06:34:40,700.0,0.0,700.0,0.0
2024-10-05 06:34:41,700.0,0.0,700.0,0.0
2024-10-05 06:34:41,700.0,0.0,700.0,0.0
2024-10-05 06:34:42,700.0,0.0,700.0,0.0
2024-10-05 06:34:42,700.0,0.0,700.0,0.0
2024-10-05 06:34:43,700.0,0.0,700.0,0.0
2024-10-05 06:34:43,700.0,0.0,700.0,0.0
2024-10-05 06:34:44,700.0,0.0,700.0,0.0
2024-10-05 06:34:44,700.0,0.0,700.0,0.0
2024-10-05 06:34:45,700.0,0.0,700.0,0.0
2024-10-05 06:34:45,700.0,0.0,700.0,0.0
2024-10-05 06:34:46,700.0,0.0,700.0,0.0
2024-10-05 06:34:46,700.0,0.0,700.0,0.0
2024-10-05 06:34:47,700.0,0.0,700.0,0.0
2024-10-05 06:34:47,700.0,0.0,700.0,0.0
2024-10-05 06:34:48,700.0,0.0,700.0,0.0
2024-10-05 06:34:48,700.0,0.0,700.0,0.0
2024-10-05 06:34:49,700.0,0.0,700.0,0.0
2024-10-05 06:34:49,700.0,0.0,700.0,0.0
2024-10-05 06:34:50,700.0,0.0,700.0,0.0
2024-10-05 06:34:50,700.0,0.0,700.0,0.0
2024-10-05 06:34:51,700.0,0.0,700.0,0.0
2024-10-05 06:34:51,700.0,0.0,700.0,0.0
2024-10-05 06:34:52,700.0,0.0,700.0,0.0
2024-10-05 06:34:52,700.0,0.0,700.0,0.0
2024-10-05 06:34:53,700.0,0.0,700.0,0.0
2024-10-05 06:34:53,700.0,0.0,700.0,0.0
2024-10-05 06:34:54,700.0,0.0,700.0,0.0
2024-10-05 06:34:54,700.0,0.0,700.0,0.0
2024-10-05 06:34:55,700.0,0.0,700.0,0.0
2024-10-05 06:34:55,700.0,0.0,700.0,0.0
2024-10-05 06:34:56,700.0,0.0,700.0,0.0
2024-10-05 06:34:56,700.0,0.0,700.0,0.0
2024-10-05 06:34:57,700.0,0.0,700.0,0.0
2024-10-05 06:34:57,700.0,0.0,700.0,0.0
2024-10-05 06:34:58,700.0,0.0,700.0,0.0
2024-10-05 06:34:58,700.0,0.0,700.0,0.0
2024-10-05 06:34:59,700.0,0.0,700.0,0.0
2024-10-05 06:34:59,700.0,0.0,700.0,0.0
2024-10-05 06:35:00,700.0,0.0,700.0,0.0
2024-10-05 06:35:00,700.0,0.0,700.0,0.0
2024-10-05 06:35:01,700.0,0.0,700.0,0.0
2024-10-05 06:35:01,700.0,0.0,700.0,0.0
2024-10-05 06:35:02,700.0,0.0,700.0,0.0
2024-10-05 06:35:02,700.0,0.0,700.0,0.0
2024-10-05 06:35:03,700.0,0.0,700.0,0.0
2024-10-05 06:35:03,700.0,0.0,700.0,0.0
2024-10-05 06:35:04,700.0,0.0,700.0,0.0
2024-10-05 06:35:04,700.0,0.0,700.0,0.0
2024-10-05 06:35:05,700.0,0.0,700.0,0.0
2024-10-05 06:35:05,700.0,0.0,700.0,0.0
2024-10-05 06:35:06,700.0,0.0,700.0,0.0
2024-10-05 06:35:06,700.0,0.0,700.0,0.0
2024-10-05 06:35:07,700.0,0.0,700.0,0.0
2024-10-05 06:35:07,700.0,0.0,700.0,0.0
2024-10-05 06:35:08,700.0,0.0,700.0,0.0
2024-10-05 06:35:08,700.0,0.0,700.0,0.0
2024-10-05 06:35:09,700.0,0.0,700.0,0.0
2024-10-05 06:35:09,700.0,0.0,700.0,0.0
2024-10-05 06:35:10,700.0,0.0,700.0,0.0
2024-10-05 06:35:10,700.0,0.0,700.0,0.0
2024-10-05 06:35:11,700.0,0.0,700.0,0.0
2024-10-05 06:35:11,700.0,0.0,700.0,0.0
2024-10-05 06:35:12,700.0,0.0,700.0,0.0
2024-10-05 06:35:12,700.0,0.0,700.0,0.0
2024-10-05 06:35:13,700.0,0.0,700.0,0.0
2024-10-05 06:35:13,700.0,0.0,700.0,0.0
2024-10-05 06:35:14,700.0,0.0,700.0,0.0
2024-10-05 06:35:14,700.0,0.0,700.0,0.0
2024-10-05 06:35:15,700.0,0.0,700.0,0.0
2024-10-05 06:35:15,700.0,0.0,700.0,0.0
2024-10-05 06:35:16,700.0,0.0,700.0,0.0
2024-10-05 06:35:16,700.0,0.0,700.0,0.0
2024-10-05 06:35:17,700.0,0.0,700.0,0.0
2024-10-05 06:35:17,700.0,0.0,700.0,0.0
2024-10-05 06:35:18,700.0,0.0,700.0,0.0
2024-10-05 06:35:18,700.0,0.0,700.0,0.0
2024-10-05 06:35:19,700.0,0.0,700.0,0.0
2024-10-05 06:35:19,700.0,0.0,700.0,0.0
2024-10-05 06:35:20,700.0,0.0,700.0,0.0
2024-10-05 06:35:20,700.0,0.0,700.0,0.0
2024-10-05 06:35:21,700.0,0.0,700.0,0.0
2024-10-05 06:35:21,700.0,0.0,700.0,0.0
2024-10-05 06:35:22,700.0,0.0,700.0,0.0
2024-10-05 06:35:22,700.0,0.0,700.0,0.0
2024-10-05 06:35:23,700.0,0.0,700.0,0.0
2024-10-05 06:35:23,700.0,0.0,700.0,0.0
2024-10-05 06:35:24,700.0,0.0,700.0,0.0
2024-10-05 06:35:24,700.0,0.0,700.0,0.0
2024-10-05 06:35:25,700.0,0.0,700.0,0.0
2024-10-05 06:35:25,700.0,0.0,700.0,0.0
2024-10-05 06:35:26,700.0,0.0,700.0,0.0
2024-10-05 06:35:26,700.0,0.0,700.0,0.0
2024-10-05 06:35:27,700.0,0.0,700.0,0.0
2024-10-05 06:35:27,700.0,0.0,700.0,0.0
2024-10-05 06:35:28,700.0,0.0,700.0,0.0
2024-10-05 06:35:28,700.0,0.0,700.0,0.0
2024-10-05 06:35:29,700.0,0.0,700.0,0.0
2024-10-05 06:35:29,700.0,0.0,700.0,0.0
2024-10-05 06:35:30,700.0,0.0,700.0,0.0
2024-10-05 06:35:30,700.0,0.0,700.0,0.0
2024-10-05 06:35:31,700.0,0.0,700.0,0.0
2024-10-05 06:35:31,700.0,0.0,700.0,0.0
2024-10-05 06:35:32,700.0,0.0,700.0,0.0
2024-10-05 06:35:32,700.0,0.0,700.0,0.0
2024-10-05 06:35:33,700.0,0.0,700.0,0.0
2024-10-05 06:35:33,700.0,0.0,700.0,0.0
2024-10-05 06:35:34,700.0,0.0,700.0,0.0
2024-10-05 06:35:34,700.0,0.0,700.0,0.0
2024-10-05 06:35:35,700.0,0.0,700.0,0.0
2024-10-05 06:35:35,700.0,0.0,700.0,0.0
2024-10-05 06:35:36,700.0,0.0,700.0,0.0
2024-10-05 06:35:36,700.0,0.0,700.0,0.0
2024-10-05 06:35:37,700.0,0.0,700.0,0.0
2024-10-05 06:35:37,700.0,0.0,700.0,0.0
2024-10-05 06:35:38,700.0,0.0,700.0,0.0
2024-10-05 06:35:38,700.0,0.0,700.0,0.0
2024-10-05 06:35:39,700.0,0.0,700.0,0.0
2024-10-05 06:35:39,700.0,0.0,700.0,0.0
2024-10-05 06:35:40,700.0,0.0,700.0,0.0
2024-10-05 06:35:40,700.0,0.0,700.0,0.0
2024-10-05 06:35:41,700.0,0.0,700.0,0.0
2024-10-05 06:35:41,700.0,0.0,700.0,0.0
2024-10-05 06:35:42,700.0,0.0,700.0,0.0
2024-10-05 06:35:42,700.0,0.0,700.0,0.0
2024-10-05 06:35:43,700.0,0.0,700.0,0.0
2024-10-05 06:35:43,700.0,0.0,700.0,0.0
2024-10-05 06:35:44,700.0,0.0,700.0,0.0
2024-10-05 06:35:44,700.0,0.0,700.0,0.0
2024-10-05 06:35:45,700.0,0.0,700.0,0.0
2024-10-05 06:35:45,700.0,0.0,700.0,0.0
2024-10-05 06:35:46,700.0,0.0,700.0,0.0
2024-10-05 06:35:46,700.0,0.0,700.0,0.0
2024-10-05 06:35:47,700.0,0.0,700.0,0.0
2024-10-05 06:35:47,700.0,0.0,700.0,0.0
2024-10-05 06:35:48,700.0,0.0,700.0,0.0
2024-10-05 06:35:48,700.0,0.0,700.0,0.0
2024-10-05 06:35:49,700.0,0.0,700.0,0.0
2024-10-05 06:35:49,700.0,0.0,700.0,0.0
2024-10-05 06:35:50,700.0,0.0,700.0,0.0
2024-10-05 06:35:50,700.0,0.0,700.0,0.0
2024-10-05 06:35:51,700.0,0.0,700.0,0.0
2024-10-05 06:35:51,700.0,0.0,700.0,0.0
2024-10-05 06:35:52,700.0,0.0,700.0,0.0
2024-10-05 06:35:52,700.0,0.0,700.0,0.0
2024-10-05 06:35:53,700.0,0.0,700.0,0.0
2024-10-05 06:35:53,700.0,0.0,700.0,0.0
2024-10-05 06:35:54,700.0,0.0,700.0,0.0
2024-10-05 06:35:54,700.0,0.0,700.0,0.0
2024-10-05 06:35:55,700.0,0.0,700.0,0.0
2024-10-05 06:35:55,700.0,0.0,700.0,0.0
2024-10-05 06:35:56,700.0,0.0,700.0,0.0
2024-10-05 06:35:56,700.0,0.0,700.0,0.0
2024-10-05 06:35:57,700.0,0.0,700.0,0.0
2024-10-05 06:35:57,700.0,0.0,700.0,0.0
2024-10-05 06:35:58,700.0,0.0,700.0,0.0
2024-10-05 06:35:58,700.0,0.0,700.0,0.0
2024-10-05 06:35:59,700.0,0.0,700.0,0.0
2024-10-05 06:35:59,700.0,0.0,700.0,0.0
2024-10-05 06:36:00,700.0,0.0,700.0,0.0
2024-10-05 06:36:00,700.0,0.0,700.0,0.0
2024-10-05 06:36:01,700.0,0.0,700.0,0.0
2024-10-05 06:36:01,700.0,0.0,700.0,0.0
2024-10-05 06:36:02,700.0,0.0,700.0,0.0
2024-10-05 06:36:02,700.0,0.0,700.0,0.0
2024-10-05 06:36:03,700.0,0.0,700.0,0.0
2024-10-05 06:36:03,700.0,0.0,700.0,0.0
2024-10-05 06:36:04,700.0,0.0,700.0,0.0
2024-10-05 06:36:04,700.0,0.0,700.0,0.0
2024-10-05 06:36:05,700.0,0.0,700.0,0.0
2024-10-05 06:36:05,700.0,0.0,700.0,0.0
2024-10-05 06:36:06,700.0,0.0,700.0,0.0
2024-10-05 06:36:06,700.0,0.0,700.0,0.0
2024-10-05 06:36:07,700.0,0.0,700.0,0.0
2024-10-05 06:36:07,700.0,0.0,700.0,0.0
2024-10-05 06:36:08,700.0,0.0,700.0,0.0
2024-10-05 06:36:08,700.0,0.0,700.0,0.0
2024-10-05 06:36:09,700.0,0.0,700.0,0.0
2024-10-05 06:36:09,700.0,0.0,700.0,0.0
2024-10-05 06:36:10,700.0,0.0,700.0,0.0
2024-10-05 06:36:10,700.0,0.0,700.0,0.0
2024-10-05 06:36:11,700.0,0.0,700.0,0.0
2024-10-05 06:36:11,700.0,0.0,700.0,0.0
2024-10-05 06:36:12,700.0,0.0,700.0,0.0
2024-10-05 06:36:12,700.0,0.0,700.0,0.0
2024-10-05 06:36:13,700.0,0.0,700.0,0.0
2024-10-05 06:36:13,700.0,0.0,700.0,0.0
2024-10-05 06:36:14,700.0,0.0,700.0,0.0
2024-10-05 06:36:14,700.0,0.0,700.0,0.0
2024-10-05 06:36:15,700.0,0.0,700.0,0.0
2024-10-05 06:36:15,700.0,0.0,700.0,0.0
2024-10-05 06:36:16,700.0,0.0,700.0,0.0
2024-10-05 06:36:16,700.0,0.0,700.0,0.0
2024-10-05 06:36:17,700.0,0.0,700.0,0.0
2024-10-05 06:36:17,700.0,0.0,700.0,0.0
2024-10-05 06:36:18,700.0,0.0,700.0,0.0
2024-10-05 06:36:18,700.0,0.0,700.0,0.0
2024-10-05 06:36:19,700.0,0.0,700.0,0.0
2024-10-05 06:36:19,700.0,0.0,700.0,0.0
2024-10-05 06:36:20,700.0,0.0,700.0,0.0
2024-10-05 06:36:20,700.0,0.0,700.0,0.0
2024-10-05 06:36:21,700.0,0.0,700.0,0.0
2024-10-05 06:36:21,700.0,0.0,700.0,0.0
2024-10-05 06:36:22,700.0,0.0,700.0,0.0
2024-10-05 06:36:22,700.0,0.0,700.0,0.0
2024-10-05 06:36:23,700.0,0.0,700.0,0.0
2024-10-05 06:36:23,700.0,0.0,700.0,0.0
2024-10-05 06:36:24,700.0,0.0,700.0,0.0
2024-10-05 06:36:24,700.0,0.0,700.0,0.0
2024-10-05 06:36:25,700.0,0.0,700.0,0.0
2024-10-05 06:36:25,700.0,0.0,700.0,0.0
2024-10-05 06:36:26,700.0,0.0,700.0,0.0
2024-10-05 06:36:26,700.0,0.0,700.0,0.0
2024-10-05 06:36:27,700.0,0.0,700.0,0.0
2024-10-05 06:36:27,700.0,0.0,700.0,0.0
2024-10-05 06:36:28,700.0,0.0,700.0,0.0
2024-10-05 06:36:28,700.0,0.0,700.0,0.0
2024-10-05 06:36:29,700.0,0.0,700.0,0.0
2024-10-05 06:36:29,700.0,0.0,700.0,0.0
2024-10-05 06:36:30,700.0,0.0,700.0,0.0
2024-10-05 06:36:30,700.0,0.0,700.0,0.0
2024-10-05 06:36:31,700.0,0.0,700.0,0.0
2024-10-05 06:36:31,700.0,0.0,700.0,0.0
2024-10-05 06:36:32,700.0,0.0,700.0,0.0
2024-10-05 06:36:32,700.0,0.0,700.0,0.0
2024-10-05 06:36:33,700.0,0.0,700.0,0.0
2024-10-05 06:36:33,700.0,0.0,700.0,0.0
2024-10-05 06:36:34,700.0,0.0,700.0,0.0
2024-10-05 06:36:34,700.0,0.0,700.0,0.0
2024-10-05 06:36:35,700.0,0.0,700.0,0.0
2024-10-05 06:36:35,700.0,0.0,700.0,0.0
2024-10-05 06:36:36,700.0,0.0,700.0,0.0
2024-10-05 06:36:36,700.0,0.0,700.0,0.0
2024-10-05 06:36:37,700.0,0.0,700.0,0.0
2024-10-05 06:36:37,700.0,0.0,700.0,0.0
2024-10-05 06:36:38,700.0,0.0,700.0,0.0
2024-10-05 06:36:38,700.0,0.0,700.0,0.0
2024-10-05 06:36:39,700.0,0.0,700.0,0.0
2024-10-05 06:36:39,700.0,0.0,700.0,0.0
2024-10-05 06:36:40,700.0,0.0,700.0,0.0
2024-10-05 06:36:40,700.0,0.0,700.0,0.0
2024-10-05 06:36:41,700.0,0.0,700.0,0.0
2024-10-05 06:36:41,700.0,0.0,700.0,0.0
2024-10-05 06:36:42,700.0,0.0,700.0,0.0
2024-10-05 06:36:42,700.0,0.0,700.0,0.0
2024-10-05 06:36:43,700.0,0.0,700.0,0.0
2024-10-05 06:36:43,700.0,0.0,700.0,0.0
2024-10-05 06:36:44,700.0,0.0,700.0,0.0
2024-10-05 06:36:44,700.0,0.0,700.0,0.0
2024-10-05 06:36:45,700.0,0.0,700.0,0.0
2024-10-05 06:36:45,700.0,0.0,700.0,0.0
2024-10-05 06:36:46,700.0,0.0,700.0,0.0
2024-10-05 06:36:46,700.0,0.0,700.0,0.0
2024-10-05 06:36:47,700.0,0.0,700.0,0.0
2024-10-05 06:36:47,700.0,0.0,700.0,0.0
2024-10-05 06:36:48,700.0,0.0,700.0,0.0
2024-10-05 06:36:48,700.0,0.0,700.0,0.0
2024-10-05 06:36:49,700.0,0.0,700.0,0.0
2024-10-05 06:36:49,700.0,0.0,700.0,0.0
2024-10-05 06:36:50,700.0,0.0,700.0,0.0
2024-10-05 06:36:50,700.0,0.0,700.0,0.0
2024-10-05 06:36:51,700.0,0.0,700.0,0.0
2024-10-05 06:36:51,700.0,0.0,700.0,0.0
2024-10-05 06:36:52,700.0,0.0,700.0,0.0
2024-10-05 06:36:52,700.0,0.0,700.0,0.0
2024-10-05 06:36:53,700.0,0.0,700.0,0.0
2024-10-05 06:36:53,700.0,0.0,700.0,0.0
2024-10-05 06:36:54,700.0,0.0,700.0,0.0
2024-10-05 06:36:54,700.0,0.0,700.0,0.0
2024-10-05 06:36:55,700.0,0.0,700.0,0.0
2024-10-05 06:36:55,700.0,0.0,700.0,0.0
2024-10-05 06:36:56,700.0,0.0,700.0,0.0
2024-10-05 06:36:56,700.0,0.0,700.0,0.0
2024-10-05 06:36:57,700.0,0.0,700.0,0.0
2024-10-05 06:36:57,700.0,0.0,700.0,0.0
2024-10-05 06:36:58,700.0,0.0,700.0,0.0
2024-10-05 06:36:58,700.0,0.0,700.0,0.0
2024-10-05 06:36:59,700.0,0.0,700.0,0.0
2024-10-05 06:36:59,700.0,0.0,700.0,0.0
2024-10-05 06:37:00,700.0,0.0,700.0,0.0
2024-10-05 06:37:00,700.0,0.0,700.0,0.0
2024-10-05 06:37:01,700.0,0.0,700.0,0.0
2024-10-05 06:37:01,700.0,0.0,700.0,0.0
2024-10-05 06:37:02,700.0,0.0,700.0,0.0
2024-10-05 06:37:02,700.0,0.0,700.0,0.0
2024-10-05 06:37:03,700.0,0.0,700.0,0.0
2024-10-05 06:37:03,700.0,0.0,700.0,0.0
2024-10-05 06:37:04,700.0,0.0,700.0,0.0
2024-10-05 06:37:04,700.0,0.0,700.0,0.0
2024-10-05 06:37:05,700.0,0.0,700.0,0.0
2024-10-05 06:37:05,700.0,0.0,700.0,0.0
2024-10-05 06:37:06,700.0,0.0,700.0,0.0
2024-10-05 06:37:06,700.0,0.0,700.0,0.0
2024-10-05 06:37:07,700.0,0.0,700.0,0.0
2024-10-05 06:37:07,700.0,0.0,700.0,0.0
2024-10-05 06:37:08,700.0,0.0,700.0,0.0
2024-10-05 06:37:08,700.0,0.0,700.0,0.0
2024-10-05 06:37:09,700.0,0.0,700.0,0.0
2024-10-05 06:37:09,700.0,0.0,700.0,0.0
2024-10-05 06:37:10,700.0,0.0,700.0,0.0
2024-10-05 06:37:10,700.0,0.0,700.0,0.0
2024-10-05 06:37:11,700.0,0.0,700.0,0.0
2024-10-05 06:37:11,700.0,0.0,700.0,0.0
2024-10-05 06:37:12,700.0,0.0,700.0,0.0
2024-10-05 06:37:12,700.0,0.0,700.0,0.0
2024-10-05 06:37:13,700.0,0.0,700.0,0.0
2024-10-05 06:37:13,700.0,0.0,700.0,0.0
2024-10-05 06:37:14,700.0,0.0,700.0,0.0
2024-10-05 06:37:14,700.0,0.0,700.0,0.0
2024-10-05 06:37:15,700.0,0.0,700.0,0.0
2024-10-05 06:37:15,700.0,0.0,700.0,0.0
2024-10-05 06:37:16,700.0,0.0,700.0,0.0
2024-10-05 06:37:16,700.0,0.0,700.0,0.0
2024-10-05 06:37:17,700.0,0.0,700.0,0.0
2024-10-05 06:37:17,700.0,0.0,700.0,0.0
2024-10-05 06:37:18,700.0,0.0,700.0,0.0
2024-10-05 06:37:18,700.0,0.0,700.0,0.0
2024-10-05 06:37:19,700.0,0.0,700.0,0.0
2024-10-05 06:37:19,700.0,0.0,700.0,0.0
2024-10-05 06:37:20,700.0,0.0,700.0,0.0
2024-10-05 06:37:20,700.0,0.0,700.0,0.0
2024-10-05 06:37:21,700.0,0.0,700.0,0.0
2024-10-05 06:37:21,700.0,0.0,700.0,0.0
2024-10-05 06:37:22,700.0,0.0,700.0,0.0
2024-10-05 06:37:22,700.0,0.0,700.0,0.0
2024-10-05 06:37:23,700.0,0.0,700.0,0.0
2024-10-05 06:37:23,700.0,0.0,700.0,0.0
2024-10-05 06:37:24,700.0,0.0,700.0,0.0
2024-10-05 06:37:24,700.0,0.0,700.0,0.0
2024-10-05 06:37:25,700.0,0.0,700.0,0.0
2024-10-05 06:37:25,700.0,0.0,700.0,0.0
2024-10-05 06:37:26,700.0,0.0,700.0,0.0
2024-10-05 06:37:26,700.0,0.0,700.0,0.0
2024-10-05 06:37:27,700.0,0.0,700.0,0.0
2024-10-05 06:37:27,700.0,0.0,700.0,0.0
2024-10-05 06:37:28,700.0,0.0,700.0,0.0
2024-10-05 06:37:28,700.0,0.0,700.0,0.0
2024-10-05 06:37:29,700.0,0.0,700.0,0.0
2024-10-05 06:37:29,700.0,0.0,700.0,0.0
2024-10-05 06:37:30,700.0,0.0,700.0,0.0
2024-10-05 06:37:30,700.0,0.0,700.0,0.0
2024-10-05 06:37:31,700.0,0.0,700.0,0.0
2024-10-05 06:37:31,700.0,0.0,700.0,0.0
2024-10-05 06:37:32,700.0,0.0,700.0,0.0
2024-10-05 06:37:32,700.0,0.0,700.0,0.0
2024-10-05 06:37:33,700.0,0.0,700.0,0.0
2024-10-05 06:37:33,700.0,0.0,700.0,0.0
2024-10-05 06:37:34,700.0,0.0,700.0,0.0
2024-10-05 06:37:34,700.0,0.0,700.0,0.0
2024-10-05 06:37:35,700.0,0.0,700.0,0.0
2024-10-05 06:37:35,700.0,0.0,700.0,0.0
2024-10-05 06:37:36,700.0,0.0,700.0,0.0
2024-10-05 06:37:36,700.0,0.0,700.0,0.0
2024-10-05 06:37:37,700.0,0.0,700.0,0.0
2024-10-05 06:37:37,700.0,0.0,700.0,0.0
2024-10-05 06:37:38,700.0,0.0,700.0,0.0
2024-10-05 06:37:38,700.0,0.0,700.0,0.0
2024-10-05 06:37:39,700.0,0.0,700.0,0.0
2024-10-05 06:37:39,700.0,0.0,700.0,0.0
2024-10-05 06:37:40,700.0,0.0,700.0,0.0
2024-10-05 06:37:40,700.0,0.0,700.0,0.0
2024-10-05 06:37:41,700.0,0.0,700.0,0.0
2024-10-05 06:37:41,700.0,0.0,700.0,0.0
2024-10-05 06:37:42,700.0,0.0,700.0,0.0
2024-10-05 06:37:42,700.0,0.0,700.0,0.0
2024-10-05 06:37:43,700.0,0.0,700.0,0.0
2024-10-05 06:37:43,700.0,0.0,700.0,0.0
2024-10-05 06:37:44,700.0,0.0,700.0,0.0
2024-10-05 06:37:44,700.0,0.0,700.0,0.0
2024-10-05 06:37:45,700.0,0.0,700.0,0.0
2024-10-05 06:37:45,700.0,0.0,700.0,0.0
2024-10-05 06:37:46,700.0,0.0,700.0,0.0
2024-10-05 06:37:46,700.0,0.0,700.0,0.0
2024-10-05 06:37:47,700.0,0.0,700.0,0.0
2024-10-05 06:37:47,700.0,0.0,700.0,0.0
2024-10-05 06:37:48,700.0,0.0,700.0,0.0
2024-10-05 06:37:48,700.0,0.0,700.0,0.0
2024-10-05 06:37:49,700.0,0.0,700.0,0.0
2024-10-05 06:37:49,700.0,0.0,700.0,0.0
2024-10-05 06:37:50,700.0,0.0,700.0,0.0
2024-10-05 06:37:50,700.0,0.0,700.0,0.0
2024-10-05 06:37:51,700.0,0.0,700.0,0.0
2024-10-05 06:37:51,700.0,0.0,700.0,0.0
2024-10-05 06:37:52,700.0,0.0,700.0,0.0
2024-10-05 06:37:52,700.0,0.0,700.0,0.0
2024-10-05 06:37:53,700.0,0.0,700.0,0.0
2024-10-05 06:37:53,700.0,0.0,700.0,0.0
2024-10-05 06:37:54,700.0,0.0,700.0,0.0
2024-10-05 06:37:54,700.0,0.0,700.0,0.0
2024-10-05 06:37:55,700.0,0.0,700.0,0.0
2024-10-05 06:37:55,700.0,0.0,700.0,0.0
2024-10-05 06:37:56,700.0,0.0,700.0,0.0
2024-10-05 06:37:56,700.0,0.0,700.0,0.0
2024-10-05 06:37:57,700.0,0.0,700.0,0.0
2024-10-05 06:37:57,700.0,0.0,700.0,0.0
2024-10-05 06:37:58,700.0,0.0,700.0,0.0
2024-10-05 06:37:58,700.0,0.0,700.0,0.0
2024-10-05 06:37:59,700.0,0.0,700.0,0.0
2024-10-05 06:37:59,700.0,0.0,700.0,0.0
2024-10-05 06:38:00,700.0,0.0,700.0,0.0
2024-10-05 06:38:00,700.0,0.0,700.0,0.0
2024-10-05 06:38:01,700.0,0.0,700.0,0.0
2024-10-05 06:38:01,700.0,0.0,700.0,0.0
2024-10-05 06:38:02,700.0,0.0,700.0,0.0
2024-10-05 06:38:02,700.0,0.0,700.0,0.0
2024-10-05 06:38:03,700.0,0.0,700.0,0.0
2024-10-05 06:38:03,700.0,0.0,700.0,0.0
2024-10-05 06:38:04,700.0,0.0,700.0,0.0
2024-10-05 06:38:04,700.0,0.0,700.0,0.0
2024-10-05 06:38:05,700.0,0.0,700.0,0.0
2024-10-05 06:38:05,700.0,0.0,700.0,0.0
2024-10-05 06:38:06,700.0,0.0,700.0,0.0
2024-10-05 06:38:06,700.0,0.0,700.0,0.0
2024-10-05 06:38:07,700.0,0.0,700.0,0.0
2024-10-05 06:38:07,700.0,0.0,700.0,0.0
2024-10-05 06:38:08,700.0,0.0,700.0,0.0
2024-10-05 06:38:08,700.0,0.0,700.0,0.0
2024-10-05 06:38:09,700.0,0.0,700.0,0.0
2024-10-05 06:38:09,700.0,0.0,700.0,0.0
2024-10-05 06:38:10,700.0,0.0,700.0,0.0
2024-10-05 06:38:10,700.0,0.0,700.0,0.0
2024-10-05 06:38:11,700.0,0.0,700.0,0.0
2024-10-05 06:38:11,700.0,0.0,700.0,0.0
2024-10-05 06:38:12,700.0,0.0,700.0,0.0
2024-10-05 06:38:12,700.0,0.0,700.0,0.0
2024-10-05 06:38:13,700.0,0.0,700.0,0.0
2024-10-05 06:38:13,700.0,0.0,700.0,0.0
2024-10-05 06:38:14,700.0,0.0,700.0,0.0
2024-10-05 06:38:14,700.0,0.0,700.0,0.0
2024-10-05 06:38:15,700.0,0.0,700.0,0.0
2024-10-05 06:38:15,700.0,0.0,700.0,0.0
2024-10-05 06:38:16,700.0,0.0,700.0,0.0
2024-10-05 06:38:16,700.0,0.0,700.0,0.0
2024-10-05 06:38:17,700.0,0.0,700.0,0.0
2024-10-05 06:38:17,700.0,0.0,700.0,0.0
2024-10-05 06:38:18,700.0,0.0,700.0,0.0
2024-10-05 06:38:18,700.0,0.0,700.0,0.0
2024-10-05 06:38:19,700.0,0.0,700.0,0.0
2024-10-05 06:38:19,700.0,0.0,700.0,0.0
2024-10-05 06:38:20,700.0,0.0,700.0,0.0
2024-10-05 06:38:20,700.0,0.0,700.0,0.0
2024-10-05 06:38:21,700.0,0.0,700.0,0.0
2024-10-05 06:38:21,700.0,0.0,700.0,0.0
2024-10-05 06:38:22,700.0,0.0,700.0,0.0
2024-10-05 06:38:22,700.0,0.0,700.0,0.0
2024-10-05 06:38:23,700.0,0.0,700.0,0.0
2024-10-05 06:38:23,700.0,0.0,700.0,0.0
2024-10-05 06:38:24,700.0,0.0,700.0,0.0
2024-10-05 06:38:24,700.0,0.0,700.0,0.0
2024-10-05 06:38:25,700.0,0.0,700.0,0.0
2024-10-05 06:38:25,700.0,0.0,700.0,0.0
2024-10-05 06:38:26,700.0,0.0,700.0,0.0
2024-10-05 06:38:26,700.0,0.0,700.0,0.0
2024-10-05 06:38:27,700.0,0.0,700.0,0.0
2024-10-05 06:38:27,700.0,0.0,700.0,0.0
2024-10-05 06:38:28,700.0,0.0,700.0,0.0
2024-10-05 06:38:28,700.0,0.0,700.0,0.0
2024-10-05 06:38:29,700.0,0.0,700.0,0.0
2024-10-05 06:38:29,700.0,0.0,700.0,0.0
2024-10-05 06:38:30,700.0,0.0,700.0,0.0
2024-10-05 06:38:30,700.0,0.0,700.0,0.0
2024-10-05 06:38:31,700.0,0.0,700.0,0.0
2024-10-05 06:38:31,700.0,0.0,700.0,0.0
2024-10-05 06:38:32,700.0,0.0,700.0,0.0
2024-10-05 06:38:32,700.0,0.0,700.0,0.0
2024-10-05 06:38:33,700.0,0.0,700.0,0.0
2024-10-05 06:38:33,700.0,0.0,700.0,0.0
2024-10-05 06:38:34,700.0,0.0,700.0,0.0
2024-10-05 06:38:34,700.0,0.0,700.0,0.0
2024-10-05 06:38:35,700.0,0.0,700.0,0.0
2024-10-05 06:38:35,700.0,0.0,700.0,0.0
2024-10-05 06:38:36,700.0,0.0,700.0,0.0
2024-10-05 06:38:36,700.0,0.0,700.0,0.0
2024-10-05 06:38:37,700.0,0.0,700.0,0.0
2024-10-05 06:38:37,700.0,0.0,700.0,0.0
2024-10-05 06:38:38,700.0,0.0,700.0,0.0
2024-10-05 06:38:38,700.0,0.0,700.0,0.0
2024-10-05 06:38:39,700.0,0.0,700.0,0.0
2024-10-05 06:38:39,700.0,0.0,700.0,0.0
2024-10-05 06:38:40,700.0,0.0,700.0,0.0
2024-10-05 06:38:40,700.0,0.0,700.0,0.0
2024-10-05 06:38:41,700.0,0.0,700.0,0.0
2024-10-05 06:38:41,700.0,0.0,700.0,0.0
2024-10-05 06:38:42,700.0,0.0,700.0,0.0
2024-10-05 06:38:42,700.0,0.0,700.0,0.0
2024-10-05 06:38:43,700.0,0.0,700.0,0.0
2024-10-05 06:38:43,700.0,0.0,700.0,0.0
2024-10-05 06:38:44,700.0,0.0,700.0,0.0
2024-10-05 06:38:44,700.0,0.0,700.0,0.0
2024-10-05 06:38:45,700.0,0.0,700.0,0.0
2024-10-05 06:38:45,700.0,0.0,700.0,0.0
2024-10-05 06:38:46,700.0,0.0,700.0,0.0
2024-10-05 06:38:46,700.0,0.0,700.0,0.0
2024-10-05 06:38:47,700.0,0.0,700.0,0.0
2024-10-05 06:38:47,700.0,0.0,700.0,0.0
2024-10-05 06:38:48,700.0,0.0,700.0,0.0
2024-10-05 06:38:48,700.0,0.0,700.0,0.0
2024-10-05 06:38:49,700.0,0.0,700.0,0.0
2024-10-05 06:38:49,700.0,0.0,700.0,0.0
2024-10-05 06:38:50,700.0,0.0,700.0,0.0
2024-10-05 06:38:50,700.0,0.0,700.0,0.0
2024-10-05 06:38:51,700.0,0.0,700.0,0.0
2024-10-05 06:38:51,700.0,0.0,700.0,0.0
2024-10-05 06:38:52,700.0,0.0,700.0,0.0
2024-10-05 06:38:52,700.0,0.0,700.0,0.0
2024-10-05 06:38:53,700.0,0.0,700.0,0.0
2024-10-05 06:38:53,700.0,0.0,700.0,0.0
2024-10-05 06:38:54,700.0,0.0,700.0,0.0
2024-10-05 06:38:54,700.0,0.0,700.0,0.0
2024-10-05 06:38:55,700.0,0.0,700.0,0.0
2024-10-05 06:38:55,700.0,0.0,700.0,0.0
2024-10-05 06:38:56,700.0,0.0,700.0,0.0
2024-10-05 06:38:56,700.0,0.0,700.0,0.0
2024-10-05 06:38:57,700.0,0.0,700.0,0.0
2024-10-05 06:38:57,700.0,0.0,700.0,0.0
2024-10-05 06:38:58,700.0,0.0,700.0,0.0
2024-10-05 06:38:58,700.0,0.0,700.0,0.0
2024-10-05 06:38:59,700.0,0.0,700.0,0.0
2024-10-05 06:38:59,700.0,0.0,700.0,0.0
2024-10-05 06:39:00,700.0,0.0,700.0,0.0
2024-10-05 06:39:00,700.0,0.0,700.0,0.0
2024-10-05 06:39:01,700.0,0.0,700.0,0.0
2024-10-05 06:39:01,700.0,0.0,700.0,0.0
2024-10-05 06:39:02,700.0,0.0,700.0,0.0
2024-10-05 06:39:02,700.0,0.0,700.0,0.0
2024-10-05 06:39:03,700.0,0.0,700.0,0.0
2024-10-05 06:39:03,700.0,0.0,700.0,0.0
2024-10-05 06:39:04,700.0,0.0,700.0,0.0
2024-10-05 06:39:04,700.0,0.0,700.0,0.0
2024-10-05 06:39:05,700.0,0.0,700.0,0.0
2024-10-05 06:39:05,700.0,0.0,700.0,0.0
2024-10-05 06:39:06,700.0,0.0,700.0,0.0
2024-10-05 06:39:06,700.0,0.0,700.0,0.0
2024-10-05 06:39:07,700.0,0.0,700.0,0.0
2024-10-05 06:39:07,700.0,0.0,700.0,0.0
2024-10-05 06:39:08,700.0,0.0,700.0,0.0
2024-10-05 06:39:08,700.0,0.0,700.0,0.0
2024-10-05 06:39:09,700.0,0.0,700.0,0.0
2024-10-05 06:39:09,700.0,0.0,700.0,0.0
2024-10-05 06:39:10,700.0,0.0,700.0,0.0
2024-10-05 06:39:10,700.0,0.0,700.0,0.0
2024-10-05 06:39:11,700.0,0.0,700.0,0.0
2024-10-05 06:39:11,700.0,0.0,700.0,0.0
2024-10-05 06:39:12,700.0,0.0,700.0,0.0
2024-10-05 06:39:12,700.0,0.0,700.0,0.0
2024-10-05 06:39:13,700.0,0.0,700.0,0.0
2024-10-05 06:39:13,700.0,0.0,700.0,0.0
2024-10-05 06:39:14,700.0,0.0,700.0,0.0
2024-10-05 06:39:14,700.0,0.0,700.0,0.0
2024-10-05 06:39:15,700.0,0.0,700.0,0.0
2024-10-05 06:39:15,700.0,0.0,700.0,0.0
2024-10-05 06:39:16,700.0,0.0,700.0,0.0
2024-10-05 06:39:16,700.0,0.0,700.0,0.0
2024-10-05 06:39:17,700.0,0.0,700.0,0.0
2024-10-05 06:39:17,700.0,0.0,700.0,0.0
2024-10-05 06:39:18,700.0,0.0,700.0,0.0
2024-10-05 06:39:18,700.0,0.0,700.0,0.0
2024-10-05 06:39:19,700.0,0.0,700.0,0.0
2024-10-05 06:39:19,700.0,0.0,700.0,0.0
2024-10-05 06:39:20,700.0,0.0,700.0,0.0
2024-10-05 06:39:20,700.0,0.0,700.0,0.0
2024-10-05 06:39:21,700.0,0.0,700.0,0.0
2024-10-05 06:39:21,700.0,0.0,700.0,0.0
2024-10-05 06:39:22,700.0,0.0,700.0,0.0
2024-10-05 06:39:22,700.0,0.0,700.0,0.0
2024-10-05 06:39:23,700.0,0.0,700.0,0.0
2024-10-05 06:39:23,700.0,0.0,700.0,0.0
2024-10-05 06:39:24,700.0,0.0,700.0,0.0
2024-10-05 06:39:24,700.0,0.0,700.0,0.0
2024-10-05 06:39:25,700.0,0.0,700.0,0.0
2024-10-05 06:39:25,700.0,0.0,700.0,0.0
2024-10-05 06:39:26,700.0,0.0,700.0,0.0
2024-10-05 06:39:26,700.0,0.0,700.0,0.0
2024-10-05 06:39:27,700.0,0.0,700.0,0.0
2024-10-05 06:39:27,700.0,0.0,700.0,0.0
2024-10-05 06:39:28,700.0,0.0,700.0,0.0
2024-10-05 06:39:28,700.0,0.0,700.0,0.0
2024-10-05 06:39:29,700.0,0.0,700.0,0.0
2024-10-05 06:39:29,700.0,0.0,700.0,0.0
2024-10-05 06:39:30,700.0,0.0,700.0,0.0
2024-10-05 06:39:30,700.0,0.0,700.0,0.0
2024-10-05 06:39:31,700.0,0.0,700.0,0.0
2024-10-05 06:39:31,700.0,0.0,700.0,0.0
2024-10-05 06:39:32,700.0,0.0,700.0,0.0
2024-10-05 06:39:32,700.0,0.0,700.0,0.0
2024-10-05 06:39:33,700.0,0.0,700.0,0.0
2024-10-05 06:39:33,700.0,0.0,700.0,0.0
2024-10-05 06:39:34,700.0,0.0,700.0,0.0
2024-10-05 06:39:34,700.0,0.0,700.0,0.0
2024-10-05 06:39:35,700.0,0.0,700.0,0.0
2024-10-05 06:39:35,700.0,0.0,700.0,0.0
2024-10-05 06:39:36,700.0,0.0,700.0,0.0
2024-10-05 06:39:36,700.0,0.0,700.0,0.0
2024-10-05 06:39:37,700.0,0.0,700.0,0.0
2024-10-05 06:39:37,700.0,0.0,700.0,0.0
2024-10-05 06:39:38,700.0,0.0,700.0,0.0
2024-10-05 06:39:38,700.0,0.0,700.0,0.0
2024-10-05 06:39:39,700.0,0.0,700.0,0.0
2024-10-05 06:39:39,700.0,0.0,700.0,0.0
2024-10-05 06:39:40,700.0,0.0,700.0,0.0
2024-10-05 06:39:40,700.0,0.0,700.0,0.0
2024-10-05 06:39:41,700.0,0.0,700.0,0.0
2024-10-05 06:39:41,700.0,0.0,700.0,0.0
2024-10-05 06:39:42,700.0,0.0,700.0,0.0
2024-10-05 06:39:42,700.0,0.0,700.0,0.0
2024-10-05 06:39:43,700.0,0.0,700.0,0.0
2024-10-05 06:39:43,700.0,0.0,700.0,0.0
2024-10-05 06:39:44,700.0,0.0,700.0,0.0
2024-10-05 06:39:44,700.0,0.0,700.0,0.0
2024-10-05 06:39:45,700.0,0.0,700.0,0.0
2024-10-05 06:39:45,700.0,0.0,700.0,0.0
2024-10-05 06:39:46,700.0,0.0,700.0,0.0
2024-10-05 06:39:46,700.0,0.0,700.0,0.0
2024-10-05 06:39:47,700.0,0.0,700.0,0.0
2024-10-05 06:39:47,700.0,0.0,700.0,0.0
2024-10-05 06:39:48,700.0,0.0,700.0,0.0
2024-10-05 06:39:48,700.0,0.0,700.0,0.0
2024-10-05 06:39:49,700.0,0.0,700.0,0.0
2024-10-05 06:39:49,700.0,0.0,700.0,0.0
2024-10-05 06:39:50,700.0,0.0,700.0,0.0
2024-10-05 06:39:50,700.0,0.0,700.0,0.0
2024-10-05 06:39:51,700.0,0.0,700.0,0.0
2024-10-05 06:39:51,700.0,0.0,700.0,0.0
2024-10-05 06:39:52,700.0,0.0,700.0,0.0
2024-10-05 06:39:52,700.0,0.0,700.0,0.0
2024-10-05 06:39:53,700.0,0.0,700.0,0.0
2024-10-05 06:39:53,700.0,0.0,700.0,0.0
2024-10-05 06:39:54,700.0,0.0,700.0,0.0
2024-10-05 06:39:54,700.0,0.0,700.0,0.0
2024-10-05 06:39:55,700.0,0.0,700.0,0.0
2024-10-05 06:39:55,700.0,0.0,700.0,0.0
2024-10-05 06:39:56,700.0,0.0,700.0,0.0
2024-10-05 06:39:56,700.0,0.0,700.0,0.0
2024-10-05 06:39:57,700.0,0.0,700.0,0.0
2024-10-05 06:39:57,700.0,0.0,700.0,0.0
2024-10-05 06:39:58,700.0,0.0,700.0,0.0
2024-10-05 06:39:58,700.0,0.0,700.0,0.0
2024-10-05 06:39:59,700.0,0.0,700.0,0.0
2024-10-05 06:39:59,700.0,0.0,700.0,0.0
2024-10-05 06:40:00,700.0,0.0,700.0,0.0
2024-10-05 06:40:00,700.0,0.0,700.0,0.0
2024-10-05 06:40:01,700.0,0.0,700.0,0.0
2024-10-05 06:40:01,700.0,0.0,700.0,0.0
2024-10-05 06:40:02,700.0,0.0,700.0,0.0
2024-10-05 06:40:02,700.0,0.0,700.0,0.0
2024-10-05 06:40:03,700.0,0.0,700.0,0.0
2024-10-05 06:40:03,700.0,0.0,700.0,0.0
2024-10-05 06:40:04,700.0,0.0,700.0,0.0
2024-10-05 06:40:04,700.0,0.0,700.0,0.0
2024-10-05 06:40:05,700.0,0.0,700.0,0.0
2024-10-05 06:40:05,700.0,0.0,700.0,0.0
2024-10-05 06:40:06,700.0,0.0,700.0,0.0
2024-10-05 06:40:06,700.0,0.0,700.0,0.0
2024-10-05 06:40:07,700.0,0.0,700.0,0.0
2024-10-05 06:40:07,700.0,0.0,700.0,0.0
2024-10-05 06:40:08,700.0,0.0,700.0,0.0
2024-10-05 06:40:08,700.0,0.0,700.0,0.0
2024-10-05 06:40:09,700.0,0.0,700.0,0.0
2024-10-05 06:40:09,700.0,0.0,700.0,0.0
2024-10-05 06:40:10,700.0,0.0,700.0,0.0
2024-10-05 06:40:10,700.0,0.0,700.0,0.0
2024-10-05 06:40:11,700.0,0.0,700.0,0.0
2024-10-05 06:40:11,700.0,0.0,700.0,0.0
2024-10-05 06:40:12,700.0,0.0,700.0,0.0
2024-10-05 06:40:12,700.0,0.0,700.0,0.0
2024-10-05 06:40:13,700.0,0.0,700.0,0.0
2024-10-05 06:40:13,700.0,0.0,700.0,0.0
2024-10-05 06:40:14,700.0,0.0,700.0,0.0
2024-10-05 06:40:14,700.0,0.0,700.0,0.0
2024-10-05 06:40:15,700.0,0.0,700.0,0.0
2024-10-05 06:40:15,700.0,0.0,700.0,0.0
2024-10-05 06:40:16,700.0,0.0,700.0,0.0
2024-10-05 06:40:16,700.0,0.0,700.0,0.0
2024-10-05 06:40:17,700.0,0.0,700.0,0.0
2024-10-05 06:40:17,700.0,0.0,700.0,0.0
2024-10-05 06:40:18,700.0,0.0,700.0,0.0
2024-10-05 06:40:18,700.0,0.0,700.0,0.0
2024-10-05 06:40:19,700.0,0.0,700.0,0.0
2024-10-05 06:40:19,700.0,0.0,700.0,0.0
2024-10-05 06:40:20,700.0,0.0,700.0,0.0
2024-10-05 06:40:20,700.0,0.0,700.0,0.0
2024-10-05 06:40:21,700.0,0.0,700.0,0.0
2024-10-05 06:40:21,700.0,0.0,700.0,0.0
2024-10-05 06:40:22,700.0,0.0,700.0,0.0
2024-10-05 06:40:22,700.0,0.0,700.0,0.0
2024-10-05 06:40:23,700.0,0.0,700.0,0.0
2024-10-05 06:40:23,700.0,0.0,700.0,0.0
2024-10-05 06:40:24,700.0,0.0,700.0,0.0
2024-10-05 06:40:24,700.0,0.0,700.0,0.0
2024-10-05 06:40:25,700.0,0.0,700.0,0.0
2024-10-05 06:40:25,700.0,0.0,700.0,0.0
2024-10-05 06:40:26,700.0,0.0,700.0,0.0
2024-10-05 06:40:26,700.0,0.0,700.0,0.0
2024-10-05 06:40:27,700.0,0.0,700.0,0.0
2024-10-05 06:40:27,700.0,0.0,700.0,0.0
2024-10-05 06:40:28,700.0,0.0,700.0,0.0
2024-10-05 06:40:28,700.0,0.0,700.0,0.0
2024-10-05 06:40:29,700.0,0.0,700.0,0.0
2024-10-05 06:40:29,700.0,0.0,700.0,0.0
2024-10-05 06:40:30,700.0,0.0,700.0,0.0
2024-10-05 06:40:30,700.0,0.0,700.0,0.0
2024-10-05 06:40:31,700.0,0.0,700.0,0.0
2024-10-05 06:40:31,700.0,0.0,700.0,0.0
2024-10-05 06:40:32,700.0,0.0,700.0,0.0
2024-10-05 06:40:32,700.0,0.0,700.0,0.0
2024-10-05 06:40:33,700.0,0.0,700.0,0.0
2024-10-05 06:40:33,700.0,0.0,700.0,0.0
2024-10-05 06:40:34,700.0,0.0,700.0,0.0
2024-10-05 06:40:34,700.0,0.0,700.0,0.0
2024-10-05 06:40:35,700.0,0.0,700.0,0.0
2024-10-05 06:40:35,700.0,0.0,700.0,0.0
2024-10-05 06:40:36,700.0,0.0,700.0,0.0
2024-10-05 06:40:36,700.0,0.0,700.0,0.0
2024-10-05 06:40:37,700.0,0.0,700.0,0.0
2024-10-05 06:40:37,700.0,0.0,700.0,0.0
2024-10-05 06:40:38,700.0,0.0,700.0,0.0
2024-10-05 06:40:38,700.0,0.0,700.0,0.0
2024-10-05 06:40:39,700.0,0.0,700.0,0.0
2024-10-05 06:40:39,700.0,0.0,700.0,0.0
2024-10-05 06:40:40,700.0,0.0,700.0,0.0
2024-10-05 06:40:40,700.0,0.0,700.0,0.0
2024-10-05 06:40:41,700.0,0.0,700.0,0.0
2024-10-05 06:40:41,700.0,0.0,700.0,0.0
2024-10-05 06:40:42,700.0,0.0,700.0,0.0
2024-10-05 06:40:42,700.0,0.0,700.0,0.0
2024-10-05 06:40:43,700.0,0.0,700.0,0.0
2024-10-05 06:40:43,700.0,0.0,700.0,0.0
2024-10-05 06:40:44,700.0,0.0,700.0,0.0
2024-10-05 06:40:44,700.0,0.0,700.0,0.0
2024-10-05 06:40:45,700.0,0.0,700.0,0.0
2024-10-05 06:40:45,700.0,0.0,700.0,0.0
2024-10-05 06:40:46,700.0,0.0,700.0,0.0
2024-10-05 06:40:46,700.0,0.0,700.0,0.0
2024-10-05 06:40:47,700.0,0.0,700.0,0.0
2024-10-05 06:40:47,700.0,0.0,700.0,0.0
2024-10-05 06:40:48,700.0,0.0,700.0,0.0
2024-10-05 06:40:48,700.0,0.0,700.0,0.0
2024-10-05 06:40:49,700.0,0.0,700.0,0.0
2024-10-05 06:40:49,700.0,0.0,700.0,0.0
2024-10-05 06:40:50,700.0,0.0,700.0,0.0
2024-10-05 06:40:50,700.0,0.0,700.0,0.0
2024-10-05 06:40:51,700.0,0.0,700.0,0.0
2024-10-05 06:40:51,700.0,0.0,700.0,0.0
2024-10-05 06:40:52,700.0,0.0,700.0,0.0
2024-10-05 06:40:52,700.0,0.0,700.0,0.0
2024-10-05 06:40:53,700.0,0.0,700.0,0.0
2024-10-05 06:40:53,700.0,0.0,700.0,0.0
2024-10-05 06:40:54,700.0,0.0,700.0,0.0
2024-10-05 06:40:54,700.0,0.0,700.0,0.0
2024-10-05 06:40:55,700.0,0.0,700.0,0.0
2024-10-05 06:40:55,700.0,0.0,700.0,0.0
2024-10-05 06:40:56,700.0,0.0,700.0,0.0
2024-10-05 06:40:56,700.0,0.0,700.0,0.0
2024-10-05 06:40:57,700.0,0.0,700.0,0.0
2024-10-05 06:40:57,700.0,0.0,700.0,0.0
2024-10-05 06:40:58,700.0,0.0,700.0,0.0
2024-10-05 06:40:58,700.0,0.0,700.0,0.0
2024-10-05 06:40:59,700.0,0.0,700.0,0.0
2024-10-05 06:40:59,700.0,0.0,700.0,0.0
2024-10-05 06:41:00,700.0,0.0,700.0,0.0
2024-10-05 06:41:00,700.0,0.0,700.0,0.0
2024-10-05 06:41:01,700.0,0.0,700.0,0.0
2024-10-05 06:41:01,700.0,0.0,700.0,0.0
2024-10-05 06:41:02,700.0,0.0,700.0,0.0
2024-10-05 06:41:02,700.0,0.0,700.0,0.0
2024-10-05 06:41:03,700.0,0.0,700.0,0.0
2024-10-05 06:41:03,700.0,0.0,700.0,0.0
2024-10-05 06:41:04,700.0,0.0,700.0,0.0
2024-10-05 06:41:04,700.0,0.0,700.0,0.0
2024-10-05 06:41:05,700.0,0.0,700.0,0.0
2024-10-05 06:41:05,700.0,0.0,700.0,0.0
2024-10-05 06:41:06,700.0,0.0,700.0,0.0
2024-10-05 06:41:06,700.0,0.0,700.0,0.0
2024-10-05 06:41:07,700.0,0.0,700.0,0.0
2024-10-05 06:41:07,700.0,0.0,700.0,0.0
2024-10-05 06:41:08,700.0,0.0,700.0,0.0
2024-10-05 06:41:08,700.0,0.0,700.0,0.0
2024-10-05 06:41:09,700.0,0.0,700.0,0.0
2024-10-05 06:41:09,700.0,0.0,700.0,0.0
2024-10-05 06:41:10,700.0,0.0,700.0,0.0
2024-10-05 06:41:10,700.0,0.0,700.0,0.0
2024-10-05 06:41:11,700.0,0.0,700.0,0.0
2024-10-05 06:41:11,700.0,0.0,700.0,0.0
2024-10-05 06:41:12,700.0,0.0,700.0,0.0
2024-10-05 06:41:12,700.0,0.0,700.0,0.0
2024-10-05 06:41:13,700.0,0.0,700.0,0.0
2024-10-05 06:41:14,700.0,0.0,700.0,0.0
2024-10-05 06:41:14,700.0,0.0,700.0,0.0
2024-10-05 06:41:15,700.0,0.0,700.0,0.0
2024-10-05 06:41:15,700.0,0.0,700.0,0.0
2024-10-05 06:41:16,700.0,0.0,700.0,0.0
2024-10-05 06:41:16,700.0,0.0,700.0,0.0
2024-10-05 06:41:17,700.0,0.0,700.0,0.0
2024-10-05 06:41:17,700.0,0.0,700.0,0.0
2024-10-05 06:41:18,700.0,0.0,700.0,0.0
2024-10-05 06:41:18,700.0,0.0,700.0,0.0
2024-10-05 06:41:19,700.0,0.0,700.0,0.0
2024-10-05 06:41:19,700.0,0.0,700.0,0.0
2024-10-05 06:41:20,700.0,0.0,700.0,0.0
2024-10-05 06:41:20,700.0,0.0,700.0,0.0
2024-10-05 06:41:21,700.0,0.0,700.0,0.0
2024-10-05 06:41:21,700.0,0.0,700.0,0.0
2024-10-05 06:41:22,700.0,0.0,700.0,0.0
2024-10-05 06:41:22,700.0,0.0,700.0,0.0
2024-10-05 06:41:23,700.0,0.0,700.0,0.0
2024-10-05 06:41:23,700.0,0.0,700.0,0.0
2024-10-05 06:41:24,700.0,0.0,700.0,0.0
2024-10-05 06:41:24,700.0,0.0,700.0,0.0
2024-10-05 06:41:25,700.0,0.0,700.0,0.0
2024-10-05 06:41:25,700.0,0.0,700.0,0.0
2024-10-05 06:41:26,700.0,0.0,700.0,0.0
2024-10-05 06:41:26,700.0,0.0,700.0,0.0
2024-10-05 06:41:27,700.0,0.0,700.0,0.0
2024-10-05 06:41:27,700.0,0.0,700.0,0.0
2024-10-05 06:41:28,700.0,0.0,700.0,0.0
2024-10-05 06:41:28,700.0,0.0,700.0,0.0
2024-10-05 06:41:29,700.0,0.0,700.0,0.0
2024-10-05 06:41:29,700.0,0.0,700.0,0.0
2024-10-05 06:41:30,700.0,0.0,700.0,0.0
2024-10-05 06:41:30,700.0,0.0,700.0,0.0
2024-10-05 06:41:31,700.0,0.0,700.0,0.0
2024-10-05 06:41:31,700.0,0.0,700.0,0.0
2024-10-05 06:41:32,700.0,0.0,700.0,0.0
2024-10-05 06:41:32,700.0,0.0,700.0,0.0
2024-10-05 06:41:33,700.0,0.0,700.0,0.0
2024-10-05 06:41:33,700.0,0.0,700.0,0.0
2024-10-05 06:41:34,700.0,0.0,700.0,0.0
2024-10-05 06:41:34,700.0,0.0,700.0,0.0
2024-10-05 06:41:35,700.0,0.0,700.0,0.0
2024-10-05 06:41:35,700.0,0.0,700.0,0.0
2024-10-05 06:41:36,700.0,0.0,700.0,0.0
2024-10-05 06:41:36,700.0,0.0,700.0,0.0
2024-10-05 06:41:37,700.0,0.0,700.0,0.0
2024-10-05 06:41:37,700.0,0.0,700.0,0.0
2024-10-05 06:41:38,700.0,0.0,700.0,0.0
2024-10-05 06:41:38,700.0,0.0,700.0,0.0
2024-10-05 06:41:39,700.0,0.0,700.0,0.0
2024-10-05 06:41:39,700.0,0.0,700.0,0.0
2024-10-05 06:41:40,700.0,0.0,700.0,0.0
2024-10-05 06:41:40,700.0,0.0,700.0,0.0
2024-10-05 06:41:41,700.0,0.0,700.0,0.0
2024-10-05 06:41:41,700.0,0.0,700.0,0.0
2024-10-05 06:41:42,700.0,0.0,700.0,0.0
2024-10-05 06:41:42,700.0,0.0,700.0,0.0
2024-10-05 06:41:43,700.0,0.0,700.0,0.0
2024-10-05 06:41:43,700.0,0.0,700.0,0.0
2024-10-05 06:41:44,700.0,0.0,700.0,0.0
2024-10-05 06:41:44,700.0,0.0,700.0,0.0
2024-10-05 06:41:45,700.0,0.0,700.0,0.0
2024-10-05 06:41:45,700.0,0.0,700.0,0.0
2024-10-05 06:41:46,700.0,0.0,700.0,0.0
2024-10-05 06:41:46,700.0,0.0,700.0,0.0
2024-10-05 06:41:47,700.0,0.0,700.0,0.0
2024-10-05 06:41:47,700.0,0.0,700.0,0.0
2024-10-05 06:41:48,700.0,0.0,700.0,0.0
2024-10-05 06:41:48,700.0,0.0,700.0,0.0
2024-10-05 06:41:49,700.0,0.0,700.0,0.0
2024-10-05 06:41:49,700.0,0.0,700.0,0.0
2024-10-05 06:41:50,700.0,0.0,700.0,0.0
2024-10-05 06:41:50,700.0,0.0,700.0,0.0
2024-10-05 06:41:51,700.0,0.0,700.0,0.0
2024-10-05 06:41:51,700.0,0.0,700.0,0.0
2024-10-05 06:41:52,700.0,0.0,700.0,0.0
2024-10-05 06:41:52,700.0,0.0,700.0,0.0
2024-10-05 06:41:53,700.0,0.0,700.0,0.0
2024-10-05 06:41:53,700.0,0.0,700.0,0.0
2024-10-05 06:41:54,700.0,0.0,700.0,0.0
2024-10-05 06:41:54,700.0,0.0,700.0,0.0
2024-10-05 06:41:55,700.0,0.0,700.0,0.0
2024-10-05 06:41:55,700.0,0.0,700.0,0.0
2024-10-05 06:41:56,700.0,0.0,700.0,0.0
2024-10-05 06:41:56,700.0,0.0,700.0,0.0
2024-10-05 06:41:57,700.0,0.0,700.0,0.0
2024-10-05 06:41:57,700.0,0.0,700.0,0.0
2024-10-05 06:41:58,700.0,0.0,700.0,0.0
2024-10-05 06:41:58,700.0,0.0,700.0,0.0
2024-10-05 06:41:59,700.0,0.0,700.0,0.0
2024-10-05 06:41:59,700.0,0.0,700.0,0.0
2024-10-05 06:42:00,700.0,0.0,700.0,0.0
2024-10-05 06:42:00,700.0,0.0,700.0,0.0
2024-10-05 06:42:01,700.0,0.0,700.0,0.0
2024-10-05 06:42:01,700.0,0.0,700.0,0.0
2024-10-05 06:42:02,700.0,0.0,700.0,0.0
2024-10-05 06:42:02,700.0,0.0,700.0,0.0
2024-10-05 06:42:03,700.0,0.0,700.0,0.0
2024-10-05 06:42:03,700.0,0.0,700.0,0.0
2024-10-05 06:42:04,700.0,0.0,700.0,0.0
2024-10-05 06:42:04,700.0,0.0,700.0,0.0
2024-10-05 06:42:05,700.0,0.0,700.0,0.0
2024-10-05 06:42:05,700.0,0.0,700.0,0.0
2024-10-05 06:42:06,700.0,0.0,700.0,0.0
2024-10-05 06:42:06,700.0,0.0,700.0,0.0
2024-10-05 06:42:07,700.0,0.0,700.0,0.0
2024-10-05 06:42:07,700.0,0.0,700.0,0.0
2024-10-05 06:42:08,700.0,0.0,700.0,0.0
2024-10-05 06:42:08,700.0,0.0,700.0,0.0
2024-10-05 06:42:09,700.0,0.0,700.0,0.0
2024-10-05 06:42:09,700.0,0.0,700.0,0.0
2024-10-05 06:42:10,700.0,0.0,700.0,0.0
2024-10-05 06:42:10,700.0,0.0,700.0,0.0
2024-10-05 06:42:11,700.0,0.0,700.0,0.0
2024-10-05 06:42:11,700.0,0.0,700.0,0.0
2024-10-05 06:42:12,700.0,0.0,700.0,0.0
2024-10-05 06:42:12,700.0,0.0,700.0,0.0
2024-10-05 06:42:13,700.0,0.0,700.0,0.0
2024-10-05 06:42:13,700.0,0.0,700.0,0.0
2024-10-05 06:42:14,700.0,0.0,700.0,0.0
2024-10-05 06:42:14,700.0,0.0,700.0,0.0
2024-10-05 06:42:15,700.0,0.0,700.0,0.0
2024-10-05 06:42:15,700.0,0.0,700.0,0.0
2024-10-05 06:42:16,700.0,0.0,700.0,0.0
2024-10-05 06:42:16,700.0,0.0,700.0,0.0
2024-10-05 06:42:17,700.0,0.0,700.0,0.0
2024-10-05 06:42:17,700.0,0.0,700.0,0.0
2024-10-05 06:42:18,700.0,0.0,700.0,0.0
2024-10-05 06:42:18,700.0,0.0,700.0,0.0
2024-10-05 06:42:19,700.0,0.0,700.0,0.0
2024-10-05 06:42:19,700.0,0.0,700.0,0.0
2024-10-05 06:42:20,700.0,0.0,700.0,0.0
2024-10-05 06:42:20,700.0,0.0,700.0,0.0
2024-10-05 06:42:21,700.0,0.0,700.0,0.0
2024-10-05 06:42:21,700.0,0.0,700.0,0.0
2024-10-05 06:42:22,700.0,0.0,700.0,0.0
2024-10-05 06:42:22,700.0,0.0,700.0,0.0
2024-10-05 06:42:23,700.0,0.0,700.0,0.0
2024-10-05 06:42:23,700.0,0.0,700.0,0.0
2024-10-05 06:42:24,700.0,0.0,700.0,0.0
2024-10-05 06:42:24,700.0,0.0,700.0,0.0
2024-10-05 06:42:25,700.0,0.0,700.0,0.0
2024-10-05 06:42:25,700.0,0.0,700.0,0.0
2024-10-05 06:42:26,700.0,0.0,700.0,0.0
2024-10-05 06:42:26,700.0,0.0,700.0,0.0
2024-10-05 06:42:27,700.0,0.0,700.0,0.0
2024-10-05 06:42:27,700.0,0.0,700.0,0.0
2024-10-05 06:42:28,700.0,0.0,700.0,0.0
2024-10-05 06:42:28,700.0,0.0,700.0,0.0
2024-10-05 06:42:29,700.0,0.0,700.0,0.0
2024-10-05 06:42:29,700.0,0.0,700.0,0.0
2024-10-05 06:42:30,700.0,0.0,700.0,0.0
2024-10-05 06:42:30,700.0,0.0,700.0,0.0
2024-10-05 06:42:31,700.0,0.0,700.0,0.0
2024-10-05 06:42:31,700.0,0.0,700.0,0.0
2024-10-05 06:42:32,700.0,0.0,700.0,0.0
2024-10-05 06:42:32,700.0,0.0,700.0,0.0
2024-10-05 06:42:33,700.0,0.0,700.0,0.0
2024-10-05 06:42:33,700.0,0.0,700.0,0.0
2024-10-05 06:42:34,700.0,0.0,700.0,0.0
2024-10-05 06:42:34,700.0,0.0,700.0,0.0
2024-10-05 06:42:35,700.0,0.0,700.0,0.0
2024-10-05 06:42:35,700.0,0.0,700.0,0.0
2024-10-05 06:42:36,700.0,0.0,700.0,0.0
2024-10-05 06:42:36,700.0,0.0,700.0,0.0
2024-10-05 06:42:37,700.0,0.0,700.0,0.0
2024-10-05 06:42:37,700.0,0.0,700.0,0.0
2024-10-05 06:42:38,700.0,0.0,700.0,0.0
2024-10-05 06:42:38,700.0,0.0,700.0,0.0
2024-10-05 06:42:39,700.0,0.0,700.0,0.0
2024-10-05 06:42:39,700.0,0.0,700.0,0.0
2024-10-05 06:42:40,700.0,0.0,700.0,0.0
2024-10-05 06:42:40,700.0,0.0,700.0,0.0
2024-10-05 06:42:41,700.0,0.0,700.0,0.0
2024-10-05 06:42:41,700.0,0.0,700.0,0.0
2024-10-05 06:42:42,700.0,0.0,700.0,0.0
2024-10-05 06:42:42,700.0,0.0,700.0,0.0
2024-10-05 06:42:43,700.0,0.0,700.0,0.0
2024-10-05 06:42:43,700.0,0.0,700.0,0.0
2024-10-05 06:42:44,700.0,0.0,700.0,0.0
2024-10-05 06:42:44,700.0,0.0,700.0,0.0
2024-10-05 06:42:45,700.0,0.0,700.0,0.0
2024-10-05 06:42:45,700.0,0.0,700.0,0.0
2024-10-05 06:42:46,700.0,0.0,700.0,0.0
2024-10-05 06:42:46,700.0,0.0,700.0,0.0
2024-10-05 06:42:47,700.0,0.0,700.0,0.0
2024-10-05 06:42:47,700.0,0.0,700.0,0.0
2024-10-05 06:42:48,700.0,0.0,700.0,0.0
2024-10-05 06:42:48,700.0,0.0,700.0,0.0
2024-10-05 06:42:49,700.0,0.0,700.0,0.0
2024-10-05 06:42:49,700.0,0.0,700.0,0.0
2024-10-05 06:42:50,700.0,0.0,700.0,0.0
2024-10-05 06:42:50,700.0,0.0,700.0,0.0
2024-10-05 06:42:51,700.0,0.0,700.0,0.0
2024-10-05 06:42:51,700.0,0.0,700.0,0.0
2024-10-05 06:42:52,700.0,0.0,700.0,0.0
2024-10-05 06:42:52,700.0,0.0,700.0,0.0
2024-10-05 06:42:53,700.0,0.0,700.0,0.0
2024-10-05 06:42:53,700.0,0.0,700.0,0.0
2024-10-05 06:42:54,700.0,0.0,700.0,0.0
2024-10-05 06:42:54,700.0,0.0,700.0,0.0
2024-10-05 06:42:55,700.0,0.0,700.0,0.0
2024-10-05 06:42:55,700.0,0.0,700.0,0.0
2024-10-05 06:42:56,700.0,0.0,700.0,0.0
2024-10-05 06:42:56,700.0,0.0,700.0,0.0
2024-10-05 06:42:57,700.0,0.0,700.0,0.0
2024-10-05 06:42:57,700.0,0.0,700.0,0.0
2024-10-05 06:42:58,700.0,0.0,700.0,0.0
2024-10-05 06:42:58,700.0,0.0,700.0,0.0
2024-10-05 06:42:59,700.0,0.0,700.0,0.0
2024-10-05 06:42:59,700.0,0.0,700.0,0.0
2024-10-05 06:43:00,700.0,0.0,700.0,0.0
2024-10-05 06:43:00,700.0,0.0,700.0,0.0
2024-10-05 06:43:01,700.0,0.0,700.0,0.0
2024-10-05 06:43:01,700.0,0.0,700.0,0.0
2024-10-05 06:43:02,700.0,0.0,700.0,0.0
2024-10-05 06:43:02,700.0,0.0,700.0,0.0
2024-10-05 06:43:03,700.0,0.0,700.0,0.0
2024-10-05 06:43:03,700.0,0.0,700.0,0.0
2024-10-05 06:43:04,700.0,0.0,700.0,0.0
2024-10-05 06:43:04,700.0,0.0,700.0,0.0
2024-10-05 06:43:05,700.0,0.0,700.0,0.0
2024-10-05 06:43:05,700.0,0.0,700.0,0.0
2024-10-05 06:43:06,700.0,0.0,700.0,0.0
2024-10-05 06:43:06,700.0,0.0,700.0,0.0
2024-10-05 06:43:07,700.0,0.0,700.0,0.0
2024-10-05 06:43:07,700.0,0.0,700.0,0.0
2024-10-05 06:43:08,700.0,0.0,700.0,0.0
2024-10-05 06:43:08,700.0,0.0,700.0,0.0
2024-10-05 06:43:09,700.0,0.0,700.0,0.0
2024-10-05 06:43:09,700.0,0.0,700.0,0.0
2024-10-05 06:43:10,700.0,0.0,700.0,0.0
2024-10-05 06:43:10,700.0,0.0,700.0,0.0
2024-10-05 06:43:11,700.0,0.0,700.0,0.0
2024-10-05 06:43:11,700.0,0.0,700.0,0.0
2024-10-05 06:43:12,700.0,0.0,700.0,0.0
2024-10-05 06:43:12,700.0,0.0,700.0,0.0
2024-10-05 06:43:13,700.0,0.0,700.0,0.0
2024-10-05 06:43:13,700.0,0.0,700.0,0.0
2024-10-05 06:43:14,700.0,0.0,700.0,0.0
2024-10-05 06:43:14,700.0,0.0,700.0,0.0
2024-10-05 06:43:15,700.0,0.0,700.0,0.0
2024-10-05 06:43:15,700.0,0.0,700.0,0.0
2024-10-05 06:43:16,700.0,0.0,700.0,0.0
2024-10-05 06:43:16,700.0,0.0,700.0,0.0
2024-10-05 06:43:17,700.0,0.0,700.0,0.0
2024-10-05 06:43:17,700.0,0.0,700.0,0.0
2024-10-05 06:43:18,700.0,0.0,700.0,0.0
2024-10-05 06:43:18,700.0,0.0,700.0,0.0
2024-10-05 06:43:19,700.0,0.0,700.0,0.0
2024-10-05 06:43:19,700.0,0.0,700.0,0.0
2024-10-05 06:43:20,700.0,0.0,700.0,0.0
2024-10-05 06:43:20,700.0,0.0,700.0,0.0
2024-10-05 06:43:21,700.0,0.0,700.0,0.0
2024-10-05 06:43:21,700.0,0.0,700.0,0.0
2024-10-05 06:43:22,700.0,0.0,700.0,0.0
2024-10-05 06:43:22,700.0,0.0,700.0,0.0
2024-10-05 06:43:23,700.0,0.0,700.0,0.0
2024-10-05 06:43:23,700.0,0.0,700.0,0.0
2024-10-05 06:43:24,700.0,0.0,700.0,0.0
2024-10-05 06:43:24,700.0,0.0,700.0,0.0
2024-10-05 06:43:25,700.0,0.0,700.0,0.0
2024-10-05 06:43:25,700.0,0.0,700.0,0.0
2024-10-05 06:43:26,700.0,0.0,700.0,0.0
2024-10-05 06:43:26,700.0,0.0,700.0,0.0
2024-10-05 06:43:27,700.0,0.0,700.0,0.0
2024-10-05 06:43:27,700.0,0.0,700.0,0.0
2024-10-05 06:43:28,700.0,0.0,700.0,0.0
2024-10-05 06:43:28,700.0,0.0,700.0,0.0
2024-10-05 06:43:29,700.0,0.0,700.0,0.0
2024-10-05 06:43:29,700.0,0.0,700.0,0.0
2024-10-05 06:43:30,700.0,0.0,700.0,0.0
2024-10-05 06:43:30,700.0,0.0,700.0,0.0
2024-10-05 06:43:31,700.0,0.0,700.0,0.0
2024-10-05 06:43:31,700.0,0.0,700.0,0.0
2024-10-05 06:43:32,700.0,0.0,700.0,0.0
2024-10-05 06:43:32,700.0,0.0,700.0,0.0
2024-10-05 06:43:33,700.0,0.0,700.0,0.0
2024-10-05 06:43:33,700.0,0.0,700.0,0.0
2024-10-05 06:43:34,700.0,0.0,700.0,0.0
2024-10-05 06:43:34,700.0,0.0,700.0,0.0
2024-10-05 06:43:35,700.0,0.0,700.0,0.0
2024-10-05 06:43:35,700.0,0.0,700.0,0.0
2024-10-05 06:43:36,700.0,0.0,700.0,0.0
2024-10-05 06:43:36,700.0,0.0,700.0,0.0
2024-10-05 06:43:37,700.0,0.0,700.0,0.0
2024-10-05 06:43:37,700.0,0.0,700.0,0.0
2024-10-05 06:43:38,700.0,0.0,700.0,0.0
2024-10-05 06:43:38,700.0,0.0,700.0,0.0
2024-10-05 06:43:39,700.0,0.0,700.0,0.0
2024-10-05 06:43:39,700.0,0.0,700.0,0.0
2024-10-05 06:43:40,700.0,0.0,700.0,0.0
2024-10-05 06:43:40,700.0,0.0,700.0,0.0
2024-10-05 06:43:41,700.0,0.0,700.0,0.0
2024-10-05 06:43:41,700.0,0.0,700.0,0.0
2024-10-05 06:43:42,700.0,0.0,700.0,0.0
2024-10-05 06:43:42,700.0,0.0,700.0,0.0
2024-10-05 06:43:43,700.0,0.0,700.0,0.0
2024-10-05 06:43:43,700.0,0.0,700.0,0.0
2024-10-05 06:43:44,700.0,0.0,700.0,0.0
2024-10-05 06:43:44,700.0,0.0,700.0,0.0
2024-10-05 06:43:45,700.0,0.0,700.0,0.0
2024-10-05 06:43:45,700.0,0.0,700.0,0.0
2024-10-05 06:43:46,700.0,0.0,700.0,0.0
2024-10-05 06:43:46,700.0,0.0,700.0,0.0
2024-10-05 06:43:47,700.0,0.0,700.0,0.0
2024-10-05 06:43:47,700.0,0.0,700.0,0.0
2024-10-05 06:43:48,700.0,0.0,700.0,0.0
2024-10-05 06:43:48,700.0,0.0,700.0,0.0
2024-10-05 06:43:49,700.0,0.0,700.0,0.0
2024-10-05 06:43:49,700.0,0.0,700.0,0.0
2024-10-05 06:43:50,700.0,0.0,700.0,0.0
2024-10-05 06:43:50,700.0,0.0,700.0,0.0
2024-10-05 06:43:51,700.0,0.0,700.0,0.0
2024-10-05 06:43:51,700.0,0.0,700.0,0.0
2024-10-05 06:43:52,700.0,0.0,700.0,0.0
2024-10-05 06:43:52,700.0,0.0,700.0,0.0
2024-10-05 06:43:53,700.0,0.0,700.0,0.0
2024-10-05 06:43:53,700.0,0.0,700.0,0.0
2024-10-05 06:43:54,700.0,0.0,700.0,0.0
2024-10-05 06:43:54,700.0,0.0,700.0,0.0
2024-10-05 06:43:55,700.0,0.0,700.0,0.0
2024-10-05 06:43:55,700.0,0.0,700.0,0.0
2024-10-05 06:43:56,700.0,0.0,700.0,0.0
2024-10-05 06:43:56,700.0,0.0,700.0,0.0
2024-10-05 06:43:57,700.0,0.0,700.0,0.0
2024-10-05 06:43:57,700.0,0.0,700.0,0.0
2024-10-05 06:43:58,700.0,0.0,700.0,0.0
2024-10-05 06:43:58,700.0,0.0,700.0,0.0
2024-10-05 06:43:59,700.0,0.0,700.0,0.0
2024-10-05 06:43:59,700.0,0.0,700.0,0.0
2024-10-05 06:44:00,700.0,0.0,700.0,0.0
2024-10-05 06:44:00,700.0,0.0,700.0,0.0
2024-10-05 06:44:01,700.0,0.0,700.0,0.0
2024-10-05 06:44:01,700.0,0.0,700.0,0.0
2024-10-05 06:44:02,700.0,0.0,700.0,0.0
2024-10-05 06:44:02,700.0,0.0,700.0,0.0
2024-10-05 06:44:03,700.0,0.0,700.0,0.0
2024-10-05 06:44:03,700.0,0.0,700.0,0.0
2024-10-05 06:44:04,700.0,0.0,700.0,0.0
2024-10-05 06:44:04,700.0,0.0,700.0,0.0
2024-10-05 06:44:05,700.0,0.0,700.0,0.0
2024-10-05 06:44:05,700.0,0.0,700.0,0.0
2024-10-05 06:44:06,700.0,0.0,700.0,0.0
2024-10-05 06:44:06,700.0,0.0,700.0,0.0
2024-10-05 06:44:07,700.0,0.0,700.0,0.0
2024-10-05 06:44:07,700.0,0.0,700.0,0.0
2024-10-05 06:44:08,700.0,0.0,700.0,0.0
2024-10-05 06:44:08,700.0,0.0,700.0,0.0
2024-10-05 06:44:09,700.0,0.0,700.0,0.0
2024-10-05 06:44:09,700.0,0.0,700.0,0.0
2024-10-05 06:44:10,700.0,0.0,700.0,0.0
2024-10-05 06:44:10,700.0,0.0,700.0,0.0
2024-10-05 06:44:11,700.0,0.0,700.0,0.0
2024-10-05 06:44:11,700.0,0.0,700.0,0.0
2024-10-05 06:44:12,700.0,0.0,700.0,0.0
2024-10-05 06:44:12,700.0,0.0,700.0,0.0
2024-10-05 06:44:13,700.0,0.0,700.0,0.0
2024-10-05 06:44:13,700.0,0.0,700.0,0.0
2024-10-05 06:44:14,700.0,0.0,700.0,0.0
2024-10-05 06:44:14,700.0,0.0,700.0,0.0
2024-10-05 06:44:15,700.0,0.0,700.0,0.0
2024-10-05 06:44:15,700.0,0.0,700.0,0.0
2024-10-05 06:44:16,700.0,0.0,700.0,0.0
2024-10-05 06:44:16,700.0,0.0,700.0,0.0
2024-10-05 06:44:17,700.0,0.0,700.0,0.0
2024-10-05 06:44:17,700.0,0.0,700.0,0.0
2024-10-05 06:44:18,700.0,0.0,700.0,0.0
2024-10-05 06:44:18,700.0,0.0,700.0,0.0
2024-10-05 06:44:19,700.0,0.0,700.0,0.0
2024-10-05 06:44:19,700.0,0.0,700.0,0.0
2024-10-05 06:44:20,700.0,0.0,700.0,0.0
2024-10-05 06:44:20,700.0,0.0,700.0,0.0
2024-10-05 06:44:21,700.0,0.0,700.0,0.0
2024-10-05 06:44:21,700.0,0.0,700.0,0.0
2024-10-05 06:44:22,700.0,0.0,700.0,0.0
2024-10-05 06:44:22,700.0,0.0,700.0,0.0
2024-10-05 06:44:23,700.0,0.0,700.0,0.0
2024-10-05 06:44:23,700.0,0.0,700.0,0.0
2024-10-05 06:44:24,700.0,0.0,700.0,0.0
2024-10-05 06:44:24,700.0,0.0,700.0,0.0
2024-10-05 06:44:25,700.0,0.0,700.0,0.0
2024-10-05 06:44:25,700.0,0.0,700.0,0.0
2024-10-05 06:44:26,700.0,0.0,700.0,0.0
2024-10-05 06:44:26,700.0,0.0,700.0,0.0
2024-10-05 06:44:27,700.0,0.0,700.0,0.0
2024-10-05 06:44:27,700.0,0.0,700.0,0.0
2024-10-05 06:44:28,700.0,0.0,700.0,0.0
2024-10-05 06:44:28,700.0,0.0,700.0,0.0
2024-10-05 06:44:29,700.0,0.0,700.0,0.0
2024-10-05 06:44:29,700.0,0.0,700.0,0.0
